hour,product,sdds_mean,sdds_weighted,post_count,engagement_velocity,sdds_final
2026-05-29 22:00:00,Athletic Greens,0.6739,0.6739,1,267,0.0
2026-05-29 22:00:00,Crocs Classic,-0.2235,-0.2235,1,584,0.0
2026-05-29 22:00:00,Oura Ring,-0.4767,-0.4767,1,185,0.0
2026-05-29 22:00:00,Stanley Tumbler,0.2204,-0.0971039768618944,2,1383,0.0
2026-05-29 23:00:00,Athletic Greens,0.11803333333333337,-0.13175834609494638,6,2612,-0.13175834609494638
2026-05-29 23:00:00,Crocs Classic,0.523875,0.6214939810426541,4,2110,0.6214939810426541
2026-05-29 23:00:00,Ninja Blender,0.2363727272727273,0.35559377431906614,11,1285,0.35559377431906614
2026-05-29 23:00:00,Oura Ring,0.22451428571428572,0.17584078947368423,7,1520,0.17584078947368423
2026-05-29 23:00:00,Stanley Tumbler,0.12606,0.014139470013947004,5,2151,0.014139470013947004
2026-05-30 00:00:00,Athletic Greens,0.1367,-0.018600115606936418,2,865,0.0
2026-05-30 00:00:00,Crocs Classic,-0.33594999999999997,-0.353954552238806,6,1340,-0.353954552238806
2026-05-30 00:00:00,Ninja Blender,0.11535000000000001,0.175361752433936,8,719,0.175361752433936
2026-05-30 00:00:00,Oura Ring,0.010287500000000012,-0.16988667252489748,8,3414,-0.16988667252489748
2026-05-30 00:00:00,Stanley Tumbler,0.07694285714285713,0.15544323896258166,7,5051,0.15544323896258166
2026-05-30 01:00:00,Athletic Greens,-0.4767,-0.47669999999999996,2,858,0.0
2026-05-30 01:00:00,Crocs Classic,0.10043333333333333,-0.05121113527620705,6,2299,-0.05121113527620705
2026-05-30 01:00:00,Ninja Blender,0.12757500000000002,0.2974608263598327,12,1912,0.2974608263598327
2026-05-30 01:00:00,Oura Ring,0.31042000000000003,0.49530694339622644,5,1325,0.49530694339622644
2026-05-30 01:00:00,Stanley Tumbler,0.28635000000000005,0.33428837988826815,8,5370,0.33428837988826815
2026-05-30 02:00:00,Athletic Greens,0.15574285714285716,0.4164187136050821,7,3778,0.4164187136050821
2026-05-30 02:00:00,Crocs Classic,0.0369,0.10084957061068703,5,2096,0.10084957061068703
2026-05-30 02:00:00,Ninja Blender,0.06244444444444445,0.06565127436281859,9,667,0.06565127436281859
2026-05-30 02:00:00,Oura Ring,0.38885000000000003,0.43973048397234443,8,3182,0.43973048397234443
2026-05-30 02:00:00,Stanley Tumbler,-0.4034,-0.3916355427974948,5,1916,-0.3916355427974948
2026-05-30 03:00:00,Athletic Greens,0.3595,0.46092086523736603,6,2612,0.46092086523736603
2026-05-30 03:00:00,Crocs Classic,-0.15778,-0.14085728997289976,5,1845,-0.14085728997289976
2026-05-30 03:00:00,Ninja Blender,0.052000000000000025,0.1699342158859471,5,491,0.1699342158859471
2026-05-30 03:00:00,Oura Ring,-0.14004,-0.2925784442361762,5,2134,-0.2925784442361762
2026-05-30 03:00:00,Stanley Tumbler,-0.061875000000000006,0.19134174214684913,8,10378,0.19134174214684913
2026-05-30 04:00:00,Athletic Greens,0.5936600000000001,0.7015359788359788,5,2079,0.7015359788359788
2026-05-30 04:00:00,Crocs Classic,-0.1325,-0.0556120515179393,3,1087,-0.0556120515179393
2026-05-30 04:00:00,Ninja Blender,-0.052025,-0.19976,4,200,-0.19976
2026-05-30 04:00:00,Oura Ring,0.07232727272727274,0.3841177215189873,11,2133,0.3841177215189873
2026-05-30 04:00:00,Stanley Tumbler,-0.15030000000000002,0.12845672321605386,7,15149,0.12845672321605386
2026-05-30 05:00:00,Athletic Greens,-0.13522499999999998,-0.25332643207855976,4,1222,-0.25332643207855976
2026-05-30 05:00:00,Crocs Classic,0.018962500000000007,0.2608262798634812,8,2344,0.2608262798634812
2026-05-30 05:00:00,Ninja Blender,0.12128333333333334,0.03424018691588785,6,321,0.03424018691588785
2026-05-30 05:00:00,Oura Ring,0.04347333333333334,-0.05015455540355678,15,3655,-0.05015455540355678
2026-05-30 05:00:00,Stanley Tumbler,0.36546666666666666,0.29107878421900163,6,4968,0.29107878421900163
2026-05-30 06:00:00,Athletic Greens,-0.010583333333333342,-0.1166482202820685,6,1489,-0.1166482202820685
2026-05-30 06:00:00,Crocs Classic,-0.1706,-0.20964012539184954,2,638,0.0
2026-05-30 06:00:00,Ninja Blender,0.08208571428571429,0.07246138613861387,7,202,0.07246138613861387
2026-05-30 06:00:00,Oura Ring,0.2329818181818182,0.437591166936791,11,2468,0.437591166936791
2026-05-30 06:00:00,Stanley Tumbler,0.16151428571428572,0.16406453013278857,7,3916,0.16406453013278857
2026-05-30 07:00:00,Athletic Greens,-0.09637142857142857,-0.0623373822975518,7,2124,-0.0623373822975518
2026-05-30 07:00:00,Crocs Classic,0.350375,0.3356176113360324,8,2470,0.3356176113360324
2026-05-30 07:00:00,Ninja Blender,0.11067777777777778,0.1031328398384926,9,743,0.1031328398384926
2026-05-30 07:00:00,Oura Ring,0.21981,0.4864194296761721,10,2069,0.4864194296761721
2026-05-30 07:00:00,Stanley Tumbler,0.08193125,-0.05410605319148937,16,9400,-0.05410605319148937
2026-05-30 08:00:00,Athletic Greens,0.36572,0.3020362466124661,5,2952,0.3020362466124661
2026-05-30 08:00:00,Crocs Classic,0.15539,0.16624421891989852,10,2759,0.16624421891989852
2026-05-30 08:00:00,Ninja Blender,0.039599999999999996,-0.0364424778761062,5,339,-0.0364424778761062
2026-05-30 08:00:00,Oura Ring,0.04994,0.33761709550806807,10,2293,0.33761709550806807
2026-05-30 08:00:00,Stanley Tumbler,0.4218,0.5021746549722688,4,7753,0.5021746549722688
2026-05-30 09:00:00,Athletic Greens,0.20742500000000003,-0.029185399673735707,4,2452,-0.029185399673735707
2026-05-30 09:00:00,Crocs Classic,0.5609333333333334,0.7147482587064679,3,402,0.7147482587064679
2026-05-30 09:00:00,Ninja Blender,0.017011111111111112,0.008616884816753927,9,764,0.008616884816753927
2026-05-30 09:00:00,Oura Ring,0.02776666666666667,-0.10872026197298404,9,2443,-0.10872026197298404
2026-05-30 09:00:00,Stanley Tumbler,0.231825,0.2935711172604635,8,2891,0.2935711172604635
2026-05-30 10:00:00,Athletic Greens,0.3031142857142858,0.255694308075418,7,2811,0.255694308075418
2026-05-30 10:00:00,Crocs Classic,-0.20493999999999998,-0.23891282454760032,5,1271,-0.23891282454760032
2026-05-30 10:00:00,Ninja Blender,0.10393333333333334,-0.17736934984520122,6,323,-0.17736934984520122
2026-05-30 10:00:00,Oura Ring,0.16289,0.1409913918778202,10,2881,0.1409913918778202
2026-05-30 10:00:00,Stanley Tumbler,0.1256666666666667,0.23170838183934808,9,6872,0.23170838183934808
2026-05-30 11:00:00,Athletic Greens,0.15644999999999998,0.20195895865237368,4,653,0.20195895865237368
2026-05-30 11:00:00,Crocs Classic,0.48453999999999997,0.5024499700777978,5,1671,0.5024499700777978
2026-05-30 11:00:00,Ninja Blender,-0.015072727272727264,-0.20674028497409325,11,1544,-0.20674028497409325
2026-05-30 11:00:00,Oura Ring,0.21788,0.23462782567049809,10,2088,0.23462782567049809
2026-05-30 11:00:00,Stanley Tumbler,0.18131428571428573,0.26839150995575217,7,3616,0.26839150995575217
2026-05-30 12:00:00,Athletic Greens,0.158325,0.08916002498438476,8,4803,0.08916002498438476
2026-05-30 12:00:00,Crocs Classic,0.17167500000000002,0.39497561692126915,8,1702,0.39497561692126915
2026-05-30 12:00:00,Ninja Blender,-0.18076666666666666,-0.15675859375,3,128,-0.15675859375
2026-05-30 12:00:00,Oura Ring,0.2614375,0.22421240487062402,8,1314,0.22421240487062402
2026-05-30 12:00:00,Stanley Tumbler,0.11261428571428571,0.12308873677660236,7,3214,0.12308873677660236
2026-05-30 13:00:00,Athletic Greens,0.31653333333333333,0.2431263725490196,6,2040,0.2431263725490196
2026-05-30 13:00:00,Crocs Classic,0.08808,0.009923543123543124,5,1287,0.009923543123543124
2026-05-30 13:00:00,Ninja Blender,-0.053116666666666666,-0.052133707865168535,6,356,-0.052133707865168535
2026-05-30 13:00:00,Oura Ring,-0.157,-0.12324054448225572,8,2057,-0.12324054448225572
2026-05-30 13:00:00,Stanley Tumbler,0.25663,0.31415469498230275,10,4803,0.31415469498230275
2026-05-30 14:00:00,Athletic Greens,0.12961666666666666,0.23592974442631864,6,1839,0.23592974442631864
2026-05-30 14:00:00,Crocs Classic,0.384525,0.4995384932313125,4,1699,0.4995384932313125
2026-05-30 14:00:00,Ninja Blender,-0.131925,-0.6348726027397259,4,292,-0.6348726027397259
2026-05-30 14:00:00,Oura Ring,0.2529222222222222,0.45502756410256406,9,2028,0.45502756410256406
2026-05-30 14:00:00,Stanley Tumbler,0.13107777777777777,0.22665517536355861,9,7014,0.22665517536355861
2026-05-30 15:00:00,Athletic Greens,0.013249999999999998,-0.14664202898550727,2,690,0.0
2026-05-30 15:00:00,Crocs Classic,0.08351000000000001,0.2232218235542423,10,2369,0.2232218235542423
2026-05-30 15:00:00,Ninja Blender,0.022783333333333336,0.014588384754990923,6,551,0.014588384754990923
2026-05-30 15:00:00,Oura Ring,0.17611538461538465,0.37368676100628934,13,3180,0.37368676100628934
2026-05-30 15:00:00,Stanley Tumbler,0.3516222222222222,0.271518674863388,9,7320,0.271518674863388
2026-05-30 16:00:00,Athletic Greens,0.71945,0.6710767515923568,2,314,0.0
2026-05-30 16:00:00,Crocs Classic,0.0919,-0.05953608768971333,3,593,-0.05953608768971333
2026-05-30 16:00:00,Ninja Blender,-0.07978333333333332,-0.4437687789799072,6,647,-0.4437687789799072
2026-05-30 16:00:00,Oura Ring,0.0651888888888889,0.04324697217675941,9,611,0.04324697217675941
2026-05-30 16:00:00,Stanley Tumbler,0.21338333333333334,0.17183047845142438,12,5476,0.17183047845142438
2026-05-30 17:00:00,Athletic Greens,0.16446,0.2990568695652174,5,1725,0.2990568695652174
2026-05-30 17:00:00,Crocs Classic,0.42786,0.638119975786925,5,826,0.638119975786925
2026-05-30 17:00:00,Ninja Blender,0.08007272727272728,0.028205324980422868,11,1277,0.028205324980422868
2026-05-30 17:00:00,Oura Ring,0.006944444444444444,-0.2951876851851852,9,1080,-0.2951876851851852
2026-05-30 17:00:00,Stanley Tumbler,0.11499333333333335,0.08535476727496413,15,9754,0.08535476727496413
2026-05-30 18:00:00,Athletic Greens,0.21181666666666668,0.11796752008032128,6,1992,0.11796752008032128
2026-05-30 18:00:00,Crocs Classic,0.05,0.015365703749231715,5,1627,0.015365703749231715
2026-05-30 18:00:00,Ninja Blender,-0.08411666666666666,-0.32067861771058315,6,463,-0.32067861771058315
2026-05-30 18:00:00,Oura Ring,0.13994615384615386,0.13906539215686275,13,1020,0.13906539215686275
2026-05-30 18:00:00,Stanley Tumbler,0.1976,0.12065407422765914,12,9646,0.12065407422765914
2026-05-30 19:00:00,Athletic Greens,0.039599999999999996,0.21985396825396825,2,567,0.0
2026-05-30 19:00:00,Crocs Classic,0.021699999999999987,-0.0049359878419452975,6,1645,-0.0049359878419452975
2026-05-30 19:00:00,Ninja Blender,-0.10994999999999999,-0.16195451388888887,14,2592,-0.16195451388888887
2026-05-30 19:00:00,Oura Ring,0.06773,0.0852452,10,250,0.0852452
2026-05-30 19:00:00,Stanley Tumbler,-0.041185714285714284,-0.1367875980392157,7,4080,-0.1367875980392157
2026-05-30 20:00:00,Athletic Greens,0.7042666666666667,0.7276271298593879,3,2418,0.7276271298593879
2026-05-30 20:00:00,Crocs Classic,0.04033333333333334,-0.010557903930130993,6,1145,-0.010557903930130993
2026-05-30 20:00:00,Ninja Blender,-0.125275,-0.18615173674588664,12,1641,-0.18615173674588664
2026-05-30 20:00:00,Oura Ring,-0.02361666666666666,-0.11616838074398249,6,914,-0.11616838074398249
2026-05-30 20:00:00,Stanley Tumbler,0.016976923076923087,0.08860289760914761,13,7696,0.08860289760914761
2026-05-30 21:00:00,Athletic Greens,0.619,0.6277241299303945,4,1293,0.6277241299303945
2026-05-30 21:00:00,Crocs Classic,0.23906666666666668,0.09210572390572389,3,297,0.09210572390572389
2026-05-30 21:00:00,Ninja Blender,0.09471666666666667,0.04881282700421941,12,1185,0.04881282700421941
2026-05-30 21:00:00,Oura Ring,0.03267272727272729,-0.06363172757475084,11,1204,-0.06363172757475084
2026-05-30 21:00:00,Stanley Tumbler,0.18899,0.35421759073359077,10,6475,0.35421759073359077
2026-05-30 22:00:00,Athletic Greens,-0.25742000000000004,-0.21632752242152467,5,1784,-0.21632752242152467
2026-05-30 22:00:00,Crocs Classic,-0.15431666666666669,-0.24615295646523716,6,1539,-0.24615295646523716
2026-05-30 22:00:00,Ninja Blender,0.04166000000000001,0.10139590504451039,10,1685,0.10139590504451039
2026-05-30 22:00:00,Oura Ring,0.089025,0.10276608066184076,12,967,0.10276608066184076
2026-05-30 22:00:00,Stanley Tumbler,0.040283333333333345,0.020001843987483246,12,8948,0.020001843987483246
2026-05-30 23:00:00,Athletic Greens,0.1881375,0.08747825421133233,8,5224,0.08747825421133233
2026-05-30 23:00:00,Crocs Classic,0.3277,0.5188026595744681,4,1316,0.5188026595744681
2026-05-30 23:00:00,Ninja Blender,0.08218571428571429,0.0021582058414464506,7,1438,0.0021582058414464506
2026-05-30 23:00:00,Oura Ring,0.16555,0.41688054275473635,12,1953,0.41688054275473635
2026-05-30 23:00:00,Stanley Tumbler,0.07763,-0.08479363410221619,10,8844,-0.08479363410221619
2026-05-31 00:00:00,Athletic Greens,0.16566363636363637,0.07912314133468662,11,3941,0.07912314133468662
2026-05-31 00:00:00,Crocs Classic,0.054723076923076916,-0.02175166186862079,13,3821,-0.02175166186862079
2026-05-31 00:00:00,Ninja Blender,-0.12518,-0.36437332134292566,5,1668,-0.36437332134292566
2026-05-31 00:00:00,Oura Ring,0.03996666666666668,0.010903033586132205,9,923,0.010903033586132205
2026-05-31 00:00:00,Stanley Tumbler,0.2960615384615385,0.31370790937996823,13,7548,0.31370790937996823
2026-05-31 01:00:00,Athletic Greens,0.127975,0.05833926991150441,8,3616,0.05833926991150441
2026-05-31 01:00:00,Crocs Classic,0.11676666666666669,0.05809123505976099,3,251,0.05809123505976099
2026-05-31 01:00:00,Ninja Blender,0.00927777777777778,0.020900635593220335,9,1416,0.020900635593220335
2026-05-31 01:00:00,Oura Ring,-0.022319999999999996,0.009062194092827013,15,2370,0.009062194092827013
2026-05-31 01:00:00,Stanley Tumbler,0.2855153846153846,0.23304956058918183,13,8079,0.23304956058918183
2026-05-31 02:00:00,Athletic Greens,0.1751,0.021609107981220663,4,1065,0.021609107981220663
2026-05-31 02:00:00,Crocs Classic,-0.07851666666666667,-0.053403688933200404,12,2006,-0.053403688933200404
2026-05-31 02:00:00,Ninja Blender,-0.25029,-0.43695299313052016,10,1019,-0.43695299313052016
2026-05-31 02:00:00,Oura Ring,-0.012274999999999994,-0.0814015325670498,8,783,-0.0814015325670498
2026-05-31 02:00:00,Stanley Tumbler,0.35259999999999997,0.41949785792085204,15,16526,0.41949785792085204
2026-05-31 03:00:00,Athletic Greens,0.3963111111111111,0.10082096588099557,9,6067,0.10082096588099557
2026-05-31 03:00:00,Crocs Classic,0.4078333333333333,0.2931205250596659,3,419,0.2931205250596659
2026-05-31 03:00:00,Ninja Blender,-0.1249625,-0.1308465083798883,8,1432,-0.1308465083798883
2026-05-31 03:00:00,Oura Ring,-0.027762500000000002,0.11597213048731375,8,2483,0.11597213048731375
2026-05-31 03:00:00,Stanley Tumbler,0.22252999999999998,0.09042977671212349,10,6673,0.09042977671212349
2026-05-31 04:00:00,Athletic Greens,0.35772000000000004,0.44104753328112767,5,2554,0.44104753328112767
2026-05-31 04:00:00,Crocs Classic,0.16285714285714284,0.19094163686928883,7,2517,0.19094163686928883
2026-05-31 04:00:00,Ninja Blender,-0.3043,-0.33421831238779176,9,2228,-0.33421831238779176
2026-05-31 04:00:00,Oura Ring,-0.11264444444444445,-0.11068578830495927,9,1351,-0.11068578830495927
2026-05-31 04:00:00,Stanley Tumbler,0.07527272727272728,0.03657788262131899,11,9644,0.03657788262131899
2026-05-31 05:00:00,Athletic Greens,0.14,0.4066130601792574,4,1562,0.4066130601792574
2026-05-31 05:00:00,Crocs Classic,0.020416666666666666,-0.10673215339233039,6,1695,-0.10673215339233039
2026-05-31 05:00:00,Ninja Blender,0.07995714285714287,0.05787938553022792,7,2018,0.05787938553022792
2026-05-31 05:00:00,Oura Ring,-0.15343636363636362,-0.36521226725082145,11,6391,-0.36521226725082145
2026-05-31 05:00:00,Stanley Tumbler,0.22003333333333333,0.10948561349444488,12,12331,0.10948561349444488
2026-05-31 06:00:00,Athletic Greens,0.12304285714285715,0.09378257063270992,7,2513,0.09378257063270992
2026-05-31 06:00:00,Crocs Classic,0.3506666666666667,0.22029343629343628,3,518,0.22029343629343628
2026-05-31 06:00:00,Ninja Blender,-0.12432857142857141,-0.13679124916499663,7,1497,-0.13679124916499663
2026-05-31 06:00:00,Oura Ring,-0.24462,-0.41766463742166515,5,1117,-0.41766463742166515
2026-05-31 06:00:00,Stanley Tumbler,0.30493333333333333,0.3144267823737269,15,9622,0.3144267823737269
2026-05-31 07:00:00,Athletic Greens,0.10255,0.09237250770811922,4,1946,0.09237250770811922
2026-05-31 07:00:00,Crocs Classic,-0.06944285714285714,0.19621268421052632,7,1900,0.19621268421052632
2026-05-31 07:00:00,Ninja Blender,-0.08618888888888888,-0.08284109890109889,9,1365,-0.08284109890109889
2026-05-31 07:00:00,Oura Ring,-0.1862875,-0.04422758318739055,8,4568,-0.04422758318739055
2026-05-31 07:00:00,Stanley Tumbler,0.21981818181818183,0.27940245091909466,11,7997,0.27940245091909466
2026-05-31 08:00:00,Athletic Greens,-0.13474,-0.19899384846211554,5,2666,-0.19899384846211554
2026-05-31 08:00:00,Crocs Classic,0.1109,-0.004792123287671257,6,2628,-0.004792123287671257
2026-05-31 08:00:00,Ninja Blender,-0.009409999999999991,0.009204735576923084,10,4160,0.009204735576923084
2026-05-31 08:00:00,Oura Ring,-0.260325,-0.5123881495871783,8,2059,-0.5123881495871783
2026-05-31 08:00:00,Stanley Tumbler,-0.07753571428571428,-0.12055384085089621,14,10154,-0.12055384085089621
2026-05-31 09:00:00,Athletic Greens,0.025224999999999997,-0.29011760521636043,4,1687,-0.29011760521636043
2026-05-31 09:00:00,Crocs Classic,0.23422,0.23665275310834816,5,563,0.23665275310834816
2026-05-31 09:00:00,Ninja Blender,-0.27462142857142857,-0.3681449825078254,14,5431,-0.3681449825078254
2026-05-31 09:00:00,Oura Ring,-0.01989999999999999,0.05543735795454545,7,1408,0.05543735795454545
2026-05-31 09:00:00,Stanley Tumbler,0.1874764705882353,0.05324774328055447,17,17747,0.05324774328055447
2026-05-31 10:00:00,Athletic Greens,-0.06033333333333335,-0.040301969981238306,3,2132,-0.040301969981238306
2026-05-31 10:00:00,Crocs Classic,0.05374285714285715,-0.06005962441314555,7,1278,-0.06005962441314555
2026-05-31 10:00:00,Ninja Blender,-0.3265166666666666,-0.2721072149344097,6,1982,-0.2721072149344097
2026-05-31 10:00:00,Oura Ring,-0.07721666666666666,0.14396907997909048,12,3826,0.14396907997909048
2026-05-31 10:00:00,Stanley Tumbler,0.15603636363636364,0.1646737473028051,11,8342,0.1646737473028051
2026-05-31 11:00:00,Athletic Greens,0.137325,0.09302603201347937,8,3561,0.09302603201347937
2026-05-31 11:00:00,Crocs Classic,-0.03282,-0.06335016077170419,5,622,-0.06335016077170419
2026-05-31 11:00:00,Ninja Blender,0.020950000000000007,0.15310844131803036,6,2701,0.15310844131803036
2026-05-31 11:00:00,Oura Ring,-0.04564545454545454,-0.1255542903840915,11,3671,-0.1255542903840915
2026-05-31 11:00:00,Stanley Tumbler,-0.15028181818181818,-0.16043982038616975,11,11135,-0.16043982038616975
2026-05-31 12:00:00,Athletic Greens,0.17523333333333335,0.09395624096385541,3,2075,0.09395624096385541
2026-05-31 12:00:00,Crocs Classic,0.022166666666666678,0.016842737896494153,6,1198,0.016842737896494153
2026-05-31 12:00:00,Ninja Blender,-0.47679999999999995,-0.42397470551766897,11,4839,-0.42397470551766897
2026-05-31 12:00:00,Oura Ring,-0.1550625,-0.36520247046186893,8,1862,-0.36520247046186893
2026-05-31 12:00:00,Stanley Tumbler,0.05530000000000001,-0.00560062365347545,13,8819,-0.00560062365347545
2026-05-31 13:00:00,Athletic Greens,0.14988571428571432,-0.030797443988639955,7,3169,-0.030797443988639955
2026-05-31 13:00:00,Crocs Classic,0.2536,0.25800184544405996,6,1734,0.25800184544405996
2026-05-31 13:00:00,Ninja Blender,-0.05706,-0.14442789745799223,10,4642,-0.14442789745799223
2026-05-31 13:00:00,Oura Ring,-0.2457625,0.0642758758314856,8,2255,0.0642758758314856
2026-05-31 13:00:00,Stanley Tumbler,0.13732222222222223,0.05366797095603066,9,9916,0.05366797095603066
2026-05-31 14:00:00,Athletic Greens,0.3113666666666667,0.33295671687672923,6,3253,0.33295671687672923
2026-05-31 14:00:00,Crocs Classic,-0.01794285714285715,-0.07903622722400858,7,933,-0.07903622722400858
2026-05-31 14:00:00,Ninja Blender,-0.3544428571428571,-0.35882686011904763,7,1344,-0.35882686011904763
2026-05-31 14:00:00,Oura Ring,-0.3009833333333333,-0.4767849144183347,6,3447,-0.4767849144183347
2026-05-31 14:00:00,Stanley Tumbler,-0.059899999999999995,0.0196206660973527,15,18736,0.0196206660973527
2026-05-31 15:00:00,Athletic Greens,0.15526250000000003,0.11521426419965576,8,4648,0.11521426419965576
2026-05-31 15:00:00,Crocs Classic,0.04005,0.0329195652173913,4,414,0.0329195652173913
2026-05-31 15:00:00,Ninja Blender,-0.23293,-0.3812957887917071,10,3087,-0.3812957887917071
2026-05-31 15:00:00,Oura Ring,-0.11081428571428568,-0.3391455252918288,7,4112,-0.3391455252918288
2026-05-31 15:00:00,Stanley Tumbler,0.22124761904761905,-0.03181068065232371,21,26122,-0.03181068065232371
2026-05-31 16:00:00,Athletic Greens,0.22555000000000003,-0.03574090584878742,6,2804,-0.03574090584878742
2026-05-31 16:00:00,Crocs Classic,-0.061410000000000006,-0.05463188879803762,10,1223,-0.05463188879803762
2026-05-31 16:00:00,Ninja Blender,-0.3793066666666666,-0.3778888162344983,15,4435,-0.3778888162344983
2026-05-31 16:00:00,Oura Ring,-0.2731,-0.29402141165324486,5,2111,-0.29402141165324486
2026-05-31 16:00:00,Stanley Tumbler,0.3070214285714286,0.34730642130857653,14,9048,0.34730642130857653
2026-05-31 17:00:00,Athletic Greens,0.267,0.3860676293103448,7,2320,0.3860676293103448
2026-05-31 17:00:00,Crocs Classic,0.13481428571428572,0.2276721518987342,7,869,0.2276721518987342
2026-05-31 17:00:00,Ninja Blender,-0.22841176470588234,-0.2522669356529029,17,9542,-0.2522669356529029
2026-05-31 17:00:00,Oura Ring,-0.209925,-0.13320634662327094,12,3687,-0.13320634662327094
2026-05-31 17:00:00,Stanley Tumbler,0.023869999999999992,0.10470481535429697,10,11671,0.10470481535429697
2026-05-31 18:00:00,Athletic Greens,0.3530375,0.14383887957864497,8,4177,0.14383887957864497
2026-05-31 18:00:00,Crocs Classic,0.045875000000000006,-0.03946853741496599,8,1764,-0.03946853741496599
2026-05-31 18:00:00,Ninja Blender,-0.32913749999999997,-0.30288923362503317,8,3771,-0.30288923362503317
2026-05-31 18:00:00,Oura Ring,-0.33865555555555554,-0.30885954751131217,9,3315,-0.30885954751131217
2026-05-31 18:00:00,Stanley Tumbler,-0.0334,-0.058379428279734566,9,5877,-0.058379428279734566
2026-05-31 19:00:00,Athletic Greens,0.3506666666666667,0.28422831367106177,3,2882,0.28422831367106177
2026-05-31 19:00:00,Crocs Classic,0.11313333333333335,0.01034385382059801,6,602,0.01034385382059801
2026-05-31 19:00:00,Ninja Blender,-0.2797,-0.5431730653266331,4,995,-0.5431730653266331
2026-05-31 19:00:00,Oura Ring,-0.24774545454545455,-0.2602377181459936,11,5329,-0.2602377181459936
2026-05-31 19:00:00,Stanley Tumbler,0.1855857142857143,0.11996004136504654,21,14505,0.11996004136504654
2026-05-31 20:00:00,Athletic Greens,0.5260142857142858,0.2888855377574371,7,2185,0.2888855377574371
2026-05-31 20:00:00,Crocs Classic,0.17746,0.3243857938718664,5,359,0.3243857938718664
2026-05-31 20:00:00,Ninja Blender,-0.24219166666666667,-0.040592540256326,12,6086,-0.040592540256326
2026-05-31 20:00:00,Oura Ring,-0.22197,-0.10778023926511428,10,4681,-0.10778023926511428
2026-05-31 20:00:00,Stanley Tumbler,-0.014173333333333333,0.09505537491900805,15,16977,0.09505537491900805
2026-05-31 21:00:00,Athletic Greens,0.1504,0.14958548854358705,7,3797,0.14958548854358705
2026-05-31 21:00:00,Crocs Classic,0.1867,0.33527696414950425,4,1311,0.33527696414950425
2026-05-31 21:00:00,Ninja Blender,-0.3330285714285714,-0.4913604470359572,7,3087,-0.4913604470359572
2026-05-31 21:00:00,Oura Ring,-0.36263636363636365,-0.3928795742232451,11,6952,-0.3928795742232451
2026-05-31 21:00:00,Stanley Tumbler,0.12762307692307692,0.15377823680823682,13,7770,0.15377823680823682
2026-05-31 22:00:00,Athletic Greens,0.7501,0.7501,1,85,0.0
2026-05-31 22:00:00,Crocs Classic,0.16651666666666667,0.11474717741935483,6,1240,0.11474717741935483
2026-05-31 22:00:00,Ninja Blender,-0.30940833333333334,-0.15107790900049725,12,8044,-0.15107790900049725
2026-05-31 22:00:00,Oura Ring,-0.2161,-0.2361254351265823,11,2528,-0.2361254351265823
2026-05-31 22:00:00,Stanley Tumbler,0.23866818181818183,0.3463820788317702,22,16846,0.3463820788317702
2026-05-31 23:00:00,Athletic Greens,0.6641666666666667,0.6226697222222223,3,2160,0.6226697222222223
2026-05-31 23:00:00,Crocs Classic,0.20465714285714287,0.26616788029925187,7,2005,0.26616788029925187
2026-05-31 23:00:00,Ninja Blender,-0.044324999999999996,-0.005644016227180498,8,2465,-0.005644016227180498
2026-05-31 23:00:00,Oura Ring,-0.32148333333333334,-0.348544212962963,6,1728,-0.348544212962963
2026-05-31 23:00:00,Stanley Tumbler,0.19010714285714286,0.3178079831932773,14,16660,0.3178079831932773
2026-06-01 00:00:00,Athletic Greens,-0.02367999999999999,0.019581645842309356,5,2321,0.019581645842309356
2026-06-01 00:00:00,Crocs Classic,0.09806,0.14608352402745994,5,874,0.14608352402745994
2026-06-01 00:00:00,Ninja Blender,-0.4341777777777778,-0.45239122023809525,9,2688,-0.45239122023809525
2026-06-01 00:00:00,Oura Ring,-0.21032857142857142,-0.21605027506455596,14,8907,-0.21605027506455596
2026-06-01 00:00:00,Stanley Tumbler,0.03745555555555555,-0.03953116926878579,9,8903,-0.03953116926878579
2026-06-01 01:00:00,Athletic Greens,0.34240000000000004,0.4338717399071097,6,5598,0.4338717399071097
2026-06-01 01:00:00,Crocs Classic,0.15182857142857142,0.15401387755102042,7,735,0.15401387755102042
2026-06-01 01:00:00,Ninja Blender,-0.45982,-0.5933857276119403,5,2144,-0.5933857276119403
2026-06-01 01:00:00,Oura Ring,-0.2497083333333333,-0.3121960123647604,12,6470,-0.3121960123647604
2026-06-01 01:00:00,Stanley Tumbler,0.21743750000000003,0.1306692265091379,24,21668,0.1306692265091379
2026-06-01 02:00:00,Athletic Greens,0.20732499999999998,0.3282043124491457,4,1229,0.3282043124491457
2026-06-01 02:00:00,Crocs Classic,0.07074,-0.01520472541507023,5,783,-0.01520472541507023
2026-06-01 02:00:00,Ninja Blender,-0.27413333333333334,-0.2409148282097649,9,5530,-0.2409148282097649
2026-06-01 02:00:00,Oura Ring,-0.3103333333333333,-0.2377997082522923,15,7198,-0.2377997082522923
2026-06-01 02:00:00,Stanley Tumbler,0.0843625,0.05558776537394335,8,15497,0.05558776537394335
2026-06-01 03:00:00,Athletic Greens,-0.27018,-0.0871466272189349,5,1690,-0.0871466272189349
2026-06-01 03:00:00,Crocs Classic,0.01168571428571429,-0.07840640074211502,7,1078,-0.07840640074211502
2026-06-01 03:00:00,Ninja Blender,-0.2882875,-0.4653642692750288,8,6952,-0.4653642692750288
2026-06-01 03:00:00,Oura Ring,-0.15075999999999998,-0.4295742730867643,10,4299,-0.4295742730867643
2026-06-01 03:00:00,Stanley Tumbler,0.22540833333333332,0.22244696812196812,12,5772,0.22244696812196812
2026-06-01 04:00:00,Athletic Greens,-0.4767,-0.4767,1,1351,0.0
2026-06-01 04:00:00,Crocs Classic,-0.028640000000000006,-0.17584774477447745,5,909,-0.17584774477447745
2026-06-01 04:00:00,Ninja Blender,-0.08132727272727272,-0.10649995867768594,11,7260,-0.10649995867768594
2026-06-01 04:00:00,Oura Ring,-0.1739888888888889,-0.3631369110697408,18,13966,-0.3631369110697408
2026-06-01 04:00:00,Stanley Tumbler,0.3322769230769231,0.5440965204997066,13,23854,0.5440965204997066
2026-06-01 05:00:00,Athletic Greens,-0.095625,-0.2010362251243781,8,3216,-0.2010362251243781
2026-06-01 05:00:00,Crocs Classic,0.049499999999999995,-0.15019278996865204,4,957,-0.15019278996865204
2026-06-01 05:00:00,Ninja Blender,-0.5083444444444445,-0.5074014609358458,9,4723,-0.5074014609358458
2026-06-01 05:00:00,Oura Ring,-0.08885,-0.05341071315872515,12,6338,-0.05341071315872515
2026-06-01 05:00:00,Stanley Tumbler,0.2526615384615385,0.37093265780302054,13,7747,0.37093265780302054
2026-06-01 06:00:00,Athletic Greens,0.14702857142857145,0.1159555243445693,7,3204,0.1159555243445693
2026-06-01 06:00:00,Crocs Classic,0.08297777777777778,0.061320961455175405,9,2309,0.061320961455175405
2026-06-01 06:00:00,Ninja Blender,-0.39292499999999997,-0.2614858468255412,12,5497,-0.2614858468255412
2026-06-01 06:00:00,Oura Ring,-0.29588000000000003,-0.24140991029474584,10,4682,-0.24140991029474584
2026-06-01 06:00:00,Stanley Tumbler,0.14757058823529412,0.1854358905628986,17,21638,0.1854358905628986
2026-06-01 07:00:00,Athletic Greens,-0.2697,-0.2391689146469968,3,949,-0.2391689146469968
2026-06-01 07:00:00,Crocs Classic,0.1572,0.05469353233830846,7,1407,0.05469353233830846
2026-06-01 07:00:00,Ninja Blender,-0.3163333333333333,-0.4189974888523821,12,4261,-0.4189974888523821
2026-06-01 07:00:00,Oura Ring,-0.4318909090909091,-0.5792770534729879,11,7256,-0.5792770534729879
2026-06-01 07:00:00,Stanley Tumbler,0.0814578947368421,0.2774017214397496,19,14697,0.2774017214397496
2026-06-01 08:00:00,Athletic Greens,0.1378,-0.12504818181818184,3,880,-0.12504818181818184
2026-06-01 08:00:00,Crocs Classic,0.17200000000000001,0.2991401615695326,13,1733,0.2991401615695326
2026-06-01 08:00:00,Ninja Blender,-0.1074875,-0.25748539089234007,8,3799,-0.25748539089234007
2026-06-01 08:00:00,Oura Ring,-0.27354999999999996,-0.40146017975055026,8,5452,-0.40146017975055026
2026-06-01 08:00:00,Stanley Tumbler,-0.004891304347826092,0.04771985063617924,23,21692,0.04771985063617924
2026-06-01 09:00:00,Athletic Greens,0.1887125,0.1460632960748635,8,3847,0.1460632960748635
2026-06-01 09:00:00,Crocs Classic,0.125,0.13241758241758242,4,455,0.13241758241758242
2026-06-01 09:00:00,Ninja Blender,-0.11225714285714285,-0.18949362009997367,14,15204,-0.18949362009997367
2026-06-01 09:00:00,Oura Ring,-0.31331333333333333,-0.23995063918889134,15,9074,-0.23995063918889134
2026-06-01 09:00:00,Stanley Tumbler,0.06658823529411766,-0.017136612879127447,17,26772,-0.017136612879127447
2026-06-01 10:00:00,Athletic Greens,0.08858000000000002,-0.182350693962526,5,2882,-0.182350693962526
2026-06-01 10:00:00,Crocs Classic,0.025155555555555556,0.26850326747720366,9,1316,0.26850326747720366
2026-06-01 10:00:00,Ninja Blender,-0.15898181818181817,-0.2834929523601399,11,9152,-0.2834929523601399
2026-06-01 10:00:00,Oura Ring,-0.03278749999999999,-0.1566890997419159,8,6587,-0.1566890997419159
2026-06-01 10:00:00,Stanley Tumbler,0.16786470588235294,0.12476338184931507,17,11680,0.12476338184931507
2026-06-01 11:00:00,Athletic Greens,0.1337,0.03762581898945032,7,3602,0.03762581898945032
2026-06-01 11:00:00,Crocs Classic,0.016059999999999998,-0.10900794451450188,5,793,-0.10900794451450188
2026-06-01 11:00:00,Ninja Blender,-0.28624285714285713,-0.22379661154584377,14,13546,-0.22379661154584377
2026-06-01 11:00:00,Oura Ring,0.02722000000000001,-0.10879585298742135,10,5088,-0.10879585298742135
2026-06-01 11:00:00,Stanley Tumbler,0.3686,0.33722802519118306,19,15561,0.33722802519118306
2026-06-01 12:00:00,Athletic Greens,-0.06097499999999999,-0.19392686898593636,8,2702,-0.19392686898593636
2026-06-01 12:00:00,Crocs Classic,0.0,0.0,4,557,0.0
2026-06-01 12:00:00,Ninja Blender,-0.32442499999999996,-0.40124774557165865,4,2484,-0.40124774557165865
2026-06-01 12:00:00,Oura Ring,-0.1659357142857143,-0.05944213697529624,14,9958,-0.05944213697529624
2026-06-01 12:00:00,Stanley Tumbler,0.27642,0.49927726617668255,10,13878,0.49927726617668255
2026-06-01 13:00:00,Athletic Greens,0.05828571428571429,0.17115292981326463,7,3106,0.17115292981326463
2026-06-01 13:00:00,Crocs Classic,0.05911250000000001,0.29832040404040405,8,990,0.29832040404040405
2026-06-01 13:00:00,Ninja Blender,-0.1052,-0.09863827764652942,20,17778,-0.09863827764652942
2026-06-01 13:00:00,Oura Ring,-0.09367272727272727,0.019698589016461484,11,7229,0.019698589016461484
2026-06-01 13:00:00,Stanley Tumbler,0.09206875,0.14937298487360134,16,19304,0.14937298487360134
2026-06-01 14:00:00,Athletic Greens,0.17446666666666666,0.3392930933852141,3,1028,0.3392930933852141
2026-06-01 14:00:00,Crocs Classic,0.11646666666666668,0.32606405767250257,6,1942,0.32606405767250257
2026-06-01 14:00:00,Ninja Blender,-0.40052857142857146,-0.27932985714285713,14,19600,-0.27932985714285713
2026-06-01 14:00:00,Oura Ring,-0.15520625,-0.02434248252829487,16,16169,-0.02434248252829487
2026-06-01 14:00:00,Stanley Tumbler,0.12446923076923078,0.22622464196408276,13,8798,0.22622464196408276
2026-06-01 15:00:00,Athletic Greens,0.1367,0.039494535519125684,2,366,0.0
2026-06-01 15:00:00,Crocs Classic,0.021871428571428573,0.004020808080808081,7,990,0.004020808080808081
2026-06-01 15:00:00,Ninja Blender,-0.3679,-0.4730672537035118,14,9653,-0.4730672537035118
2026-06-01 15:00:00,Oura Ring,-0.28672142857142857,-0.1839062144019528,14,9832,-0.1839062144019528
2026-06-01 15:00:00,Stanley Tumbler,-0.11808,-0.2578959782070332,10,10095,-0.2578959782070332
2026-06-01 16:00:00,Athletic Greens,-0.07479999999999999,-0.03595263157894736,3,1292,-0.03595263157894736
2026-06-01 16:00:00,Crocs Classic,0.08132500000000001,0.14721354838709677,4,310,0.14721354838709677
2026-06-01 16:00:00,Ninja Blender,-0.18918181818181817,-0.0908060106698281,11,8435,-0.0908060106698281
2026-06-01 16:00:00,Oura Ring,-0.1706076923076923,-0.22566809394874376,13,15881,-0.22566809394874376
2026-06-01 16:00:00,Stanley Tumbler,0.12574705882352943,0.09054586435739723,17,12356,0.09054586435739723
2026-06-01 17:00:00,Athletic Greens,0.08295000000000001,0.04608741474147413,8,4545,0.04608741474147413
2026-06-01 17:00:00,Crocs Classic,0.2067,0.4007751879699248,2,266,0.0
2026-06-01 17:00:00,Ninja Blender,-0.11416363636363634,-0.14372415546676354,11,8259,-0.14372415546676354
2026-06-01 17:00:00,Oura Ring,-0.33405999999999997,-0.3300026850433895,10,9795,-0.3300026850433895
2026-06-01 17:00:00,Stanley Tumbler,0.192935,0.26483715239154615,20,15283,0.26483715239154615
2026-06-01 18:00:00,Athletic Greens,0.7379500000000001,0.7426172093023256,2,1290,0.0
2026-06-01 18:00:00,Crocs Classic,0.263,0.3157737373737374,4,495,0.3157737373737374
2026-06-01 18:00:00,Ninja Blender,-0.13871111111111112,-0.08280445423396965,18,10215,-0.08280445423396965
2026-06-01 18:00:00,Oura Ring,-0.030288888888888883,-0.09113494685767097,9,8656,-0.09113494685767097
2026-06-01 18:00:00,Stanley Tumbler,0.27074705882352945,0.291570359486058,17,14632,0.291570359486058
2026-06-01 19:00:00,Athletic Greens,-0.001483333333333332,0.0009885832900882116,6,1927,0.0009885832900882116
2026-06-01 19:00:00,Crocs Classic,0.19153333333333333,0.1614116104868914,3,267,0.1614116104868914
2026-06-01 19:00:00,Ninja Blender,-0.15655,-0.08784042611873402,14,14503,-0.08784042611873402
2026-06-01 19:00:00,Oura Ring,-0.2970428571428571,-0.3358329883172781,14,9758,-0.3358329883172781
2026-06-01 19:00:00,Stanley Tumbler,0.014478947368421053,-0.029963952139995784,19,18972,-0.029963952139995784
2026-06-01 20:00:00,Athletic Greens,0.3206,0.39607340043134437,5,1391,0.39607340043134437
2026-06-01 20:00:00,Crocs Classic,0.2581333333333333,-0.029745028759244008,6,1217,-0.029745028759244008
2026-06-01 20:00:00,Ninja Blender,-0.46726666666666666,-0.38767093612706993,6,2959,-0.38767093612706993
2026-06-01 20:00:00,Oura Ring,-0.3088166666666667,-0.3194860587078447,18,13729,-0.3194860587078447
2026-06-01 20:00:00,Stanley Tumbler,0.07171052631578946,0.052745711711711704,19,11100,0.052745711711711704
2026-06-01 21:00:00,Athletic Greens,-0.10117142857142856,-0.009752279260780282,7,2435,-0.009752279260780282
2026-06-01 21:00:00,Crocs Classic,0.07510000000000001,-0.08115272861356931,7,1356,-0.08115272861356931
2026-06-01 21:00:00,Ninja Blender,-0.15895384615384614,0.008103890756302523,13,11900,0.008103890756302523
2026-06-01 21:00:00,Oura Ring,-0.22028421052631578,-0.0787698533787805,19,18483,-0.0787698533787805
2026-06-01 21:00:00,Stanley Tumbler,0.43087500000000006,0.4576197643868125,12,11799,0.4576197643868125
2026-06-01 22:00:00,Athletic Greens,-0.32177500000000003,-0.2940411433172303,4,2484,-0.2940411433172303
2026-06-01 22:00:00,Crocs Classic,0.29969999999999997,0.421056582278481,5,790,0.421056582278481
2026-06-01 22:00:00,Ninja Blender,-0.18875555555555554,-0.0012759977436186745,9,7091,-0.0012759977436186745
2026-06-01 22:00:00,Oura Ring,-0.2898636363636364,-0.21906582177161152,11,7496,-0.21906582177161152
2026-06-01 22:00:00,Stanley Tumbler,0.1947875,0.15083332407664538,16,10803,0.15083332407664538
2026-06-01 23:00:00,Athletic Greens,0.39125000000000004,0.4214690629011554,6,1558,0.4214690629011554
2026-06-01 23:00:00,Crocs Classic,0.4404,0.4404,1,95,0.0
2026-06-01 23:00:00,Ninja Blender,-0.2922285714285714,-0.3741790611844761,14,17341,-0.3741790611844761
2026-06-01 23:00:00,Oura Ring,-0.17809333333333333,0.03772153123532175,15,10645,0.03772153123532175
2026-06-01 23:00:00,Stanley Tumbler,0.1944,0.1375177304347826,11,11500,0.1375177304347826
2026-06-02 00:00:00,Athletic Greens,-0.2536,-0.28815545851528385,4,1374,-0.28815545851528385
2026-06-02 00:00:00,Crocs Classic,0.06124,0.01956277777777778,5,180,0.01956277777777778
2026-06-02 00:00:00,Ninja Blender,-0.15106666666666665,-0.3540192664629064,18,17995,-0.3540192664629064
2026-06-02 00:00:00,Oura Ring,-0.3177857142857143,0.04478055827251524,14,13291,0.04478055827251524
2026-06-02 00:00:00,Stanley Tumbler,0.05022666666666667,-0.036329654534756645,15,11897,-0.036329654534756645
2026-06-02 01:00:00,Athletic Greens,0.09113333333333333,0.11592652519893898,3,1131,0.11592652519893898
2026-06-02 01:00:00,Crocs Classic,0.158425,0.09933173687247548,8,1733,0.09933173687247548
2026-06-02 01:00:00,Ninja Blender,-0.23041999999999999,-0.13989431351055082,10,14596,-0.13989431351055082
2026-06-02 01:00:00,Oura Ring,-0.2378,-0.27799434973209936,10,8212,-0.27799434973209936
2026-06-02 01:00:00,Stanley Tumbler,0.14068636363636364,0.2452165085664505,22,20662,0.2452165085664505
2026-06-02 02:00:00,Athletic Greens,0.10242,0.045687814504193416,5,2027,0.045687814504193416
2026-06-02 02:00:00,Crocs Classic,0.05836666666666667,0.07489774718397998,6,799,0.07489774718397998
2026-06-02 02:00:00,Ninja Blender,0.0530909090909091,0.13228834983865584,11,8987,0.13228834983865584
2026-06-02 02:00:00,Oura Ring,-0.10771052631578948,-0.1686406992404245,19,18563,-0.1686406992404245
2026-06-02 02:00:00,Stanley Tumbler,0.2300421052631579,0.1200649370704965,19,12951,0.1200649370704965
2026-06-02 03:00:00,Athletic Greens,-0.10782,-0.10224200367647059,5,2176,-0.10224200367647059
2026-06-02 03:00:00,Crocs Classic,0.02978333333333334,-0.0984478831246273,6,1677,-0.0984478831246273
2026-06-02 03:00:00,Ninja Blender,-0.2569692307692308,-0.29453013698630137,13,7373,-0.29453013698630137
2026-06-02 03:00:00,Oura Ring,-0.24450624999999998,-0.2426067936998412,16,23301,-0.2426067936998412
2026-06-02 03:00:00,Stanley Tumbler,0.23017500000000002,0.15543770579934146,20,14881,0.15543770579934146
2026-06-02 04:00:00,Athletic Greens,0.031424999999999995,0.19800568220483158,4,5878,0.19800568220483158
2026-06-02 04:00:00,Crocs Classic,0.2929,0.34983698175787725,4,603,0.34983698175787725
2026-06-02 04:00:00,Ninja Blender,-0.3378,-0.424484409144394,14,11898,-0.424484409144394
2026-06-02 04:00:00,Oura Ring,-0.14721428571428571,0.00022989060270437595,21,14717,0.00022989060270437595
2026-06-02 04:00:00,Stanley Tumbler,0.18,0.2232418540614961,20,17432,0.2232418540614961
2026-06-02 05:00:00,Athletic Greens,-0.06566666666666666,-0.02142802870409455,3,2369,-0.02142802870409455
2026-06-02 05:00:00,Crocs Classic,0.016540000000000006,-0.0045488169364881655,5,803,-0.0045488169364881655
2026-06-02 05:00:00,Ninja Blender,-0.22128571428571428,-0.21865205683132333,7,6053,-0.21865205683132333
2026-06-02 05:00:00,Oura Ring,-0.021624999999999985,-0.028697195847013926,16,11269,-0.028697195847013926
2026-06-02 05:00:00,Stanley Tumbler,0.25029411764705883,0.3094196065220321,17,14842,0.3094196065220321
2026-06-02 06:00:00,Athletic Greens,0.410225,0.34467915262397686,4,2077,0.34467915262397686
2026-06-02 06:00:00,Crocs Classic,-0.022240000000000003,-0.15246363636363638,5,616,-0.15246363636363638
2026-06-02 06:00:00,Ninja Blender,-0.25932499999999997,-0.05385408835973628,12,10163,-0.05385408835973628
2026-06-02 06:00:00,Oura Ring,-0.32817857142857143,-0.41781129159438574,14,19023,-0.41781129159438574
2026-06-02 06:00:00,Stanley Tumbler,0.07040588235294118,0.07022716055920356,17,18884,0.07022716055920356
2026-06-02 07:00:00,Athletic Greens,0.009233333333333316,-0.007717995508141506,3,3562,-0.007717995508141506
2026-06-02 07:00:00,Crocs Classic,0.07024999999999999,0.03854063860667634,6,689,0.03854063860667634
2026-06-02 07:00:00,Ninja Blender,-0.24852,-0.23946690064794812,15,12964,-0.23946690064794812
2026-06-02 07:00:00,Oura Ring,-0.20618124999999998,-0.19771061164333087,16,12213,-0.19771061164333087
2026-06-02 07:00:00,Stanley Tumbler,0.044995454545454554,0.10386253816687949,22,18013,0.10386253816687949
2026-06-02 08:00:00,Athletic Greens,-0.016399999999999998,0.030076219205630986,4,3978,0.030076219205630986
2026-06-02 08:00:00,Crocs Classic,-0.0686,-0.18691395131086144,6,1068,-0.18691395131086144
2026-06-02 08:00:00,Ninja Blender,0.06088888888888891,-0.020895629713813396,9,9679,-0.020895629713813396
2026-06-02 08:00:00,Oura Ring,-0.2376,-0.23406170005980861,14,13376,-0.23406170005980861
2026-06-02 08:00:00,Stanley Tumbler,0.04613888888888889,-0.02693020183939263,18,16201,-0.02693020183939263
2026-06-02 09:00:00,Athletic Greens,0.4048333333333334,0.4628321513002364,3,1269,0.4628321513002364
2026-06-02 09:00:00,Crocs Classic,0.159225,0.5040496932515337,4,652,0.5040496932515337
2026-06-02 09:00:00,Ninja Blender,-0.2856416666666666,-0.2579360174381331,12,7799,-0.2579360174381331
2026-06-02 09:00:00,Oura Ring,-0.08938333333333331,-0.03540799355358579,12,6205,-0.03540799355358579
2026-06-02 09:00:00,Stanley Tumbler,0.1262409090909091,0.24476544028602734,22,17341,0.24476544028602734
2026-06-02 10:00:00,Athletic Greens,-0.0998125,-0.1332475889926786,8,3961,-0.1332475889926786
2026-06-02 10:00:00,Crocs Classic,0.269225,0.23440445283018868,8,1325,0.23440445283018868
2026-06-02 10:00:00,Ninja Blender,-0.09801249999999999,-0.1711074846625767,8,4890,-0.1711074846625767
2026-06-02 10:00:00,Oura Ring,-0.37839,-0.42758050397877984,10,9802,-0.42758050397877984
2026-06-02 10:00:00,Stanley Tumbler,0.12147222222222223,0.10163766429274507,18,17271,0.10163766429274507
2026-06-02 11:00:00,Athletic Greens,0.47908333333333336,0.5559127351664255,6,2764,0.5559127351664255
2026-06-02 11:00:00,Crocs Classic,0.021266666666666666,-0.10351768292682927,6,656,-0.10351768292682927
2026-06-02 11:00:00,Ninja Blender,-0.22316153846153847,-0.05440937000588779,13,11889,-0.05440937000588779
2026-06-02 11:00:00,Oura Ring,-0.30771176470588235,-0.31343670447385,17,19044,-0.31343670447385
2026-06-02 11:00:00,Stanley Tumbler,-0.14100000000000001,-0.17753183713297258,9,11273,-0.17753183713297258
2026-06-02 12:00:00,Athletic Greens,0.18292000000000003,-0.08701248785228376,5,2058,-0.08701248785228376
2026-06-02 12:00:00,Crocs Classic,0.10619090909090909,0.04415486577181208,11,1192,0.04415486577181208
2026-06-02 12:00:00,Ninja Blender,0.2073,0.33153144605967866,4,2614,0.33153144605967866
2026-06-02 12:00:00,Oura Ring,-0.06914615384615384,-0.1687213614380874,13,10959,-0.1687213614380874
2026-06-02 12:00:00,Stanley Tumbler,0.29647894736842106,0.16972100088755376,19,14647,0.16972100088755376
2026-06-02 13:00:00,Athletic Greens,0.25,0.25,1,233,0.0
2026-06-02 13:00:00,Crocs Classic,0.0723,0.2218979570990807,3,979,0.2218979570990807
2026-06-02 13:00:00,Ninja Blender,-0.3755846153846154,-0.4137583192686357,13,14220,-0.4137583192686357
2026-06-02 13:00:00,Oura Ring,-0.15845,-0.20162392934249262,22,25475,-0.20162392934249262
2026-06-02 13:00:00,Stanley Tumbler,0.06262083333333333,0.14877260179829332,24,17461,0.14877260179829332
2026-06-02 14:00:00,Athletic Greens,0.409025,0.6126230163934426,4,1525,0.6126230163934426
2026-06-02 14:00:00,Crocs Classic,0.20391666666666666,0.2208212765957447,6,470,0.2208212765957447
2026-06-02 14:00:00,Ninja Blender,-0.21358333333333332,-0.23186118790496757,6,4630,-0.23186118790496757
2026-06-02 14:00:00,Oura Ring,-0.1572307692307692,-0.21980831435079723,13,10536,-0.21980831435079723
2026-06-02 14:00:00,Stanley Tumbler,0.32911999999999997,0.45724524756549173,15,14582,0.45724524756549173
2026-06-02 15:00:00,Athletic Greens,-0.04838571428571427,-0.03156338662113921,7,6443,-0.03156338662113921
2026-06-02 15:00:00,Crocs Classic,0.19988571428571428,0.17608184818481848,7,606,0.17608184818481848
2026-06-02 15:00:00,Ninja Blender,-0.0777222222222222,-0.17186359891877975,9,7769,-0.17186359891877975
2026-06-02 15:00:00,Oura Ring,-0.3442230769230769,-0.38840728020316845,13,8269,-0.38840728020316845
2026-06-02 15:00:00,Stanley Tumbler,0.27482307692307695,0.15793721440110778,13,8666,0.15793721440110778
2026-06-02 16:00:00,Athletic Greens,-0.0633,-0.1480763698630137,6,1752,-0.1480763698630137
2026-06-02 16:00:00,Crocs Classic,0.060425,-0.07831188589540412,8,1262,-0.07831188589540412
2026-06-02 16:00:00,Ninja Blender,-0.12602499999999997,-0.40088618166164436,12,16261,-0.40088618166164436
2026-06-02 16:00:00,Oura Ring,-0.31045833333333334,-0.43578935276679837,12,8096,-0.43578935276679837
2026-06-02 16:00:00,Stanley Tumbler,0.3781727272727273,0.456986921529175,22,21868,0.456986921529175
2026-06-02 17:00:00,Athletic Greens,0.0981,0.04569064022268615,6,2874,0.04569064022268615
2026-06-02 17:00:00,Crocs Classic,-0.009166666666666665,-0.03242206047032475,6,893,-0.03242206047032475
2026-06-02 17:00:00,Ninja Blender,-0.1544333333333333,0.070312746585736,9,7908,0.070312746585736
2026-06-02 17:00:00,Oura Ring,-0.23649230769230767,-0.4080037716298829,13,9651,-0.4080037716298829
2026-06-02 17:00:00,Stanley Tumbler,0.194475,0.23828906505542433,28,22012,0.23828906505542433
2026-06-02 18:00:00,Athletic Greens,0.25646,0.20363891557995883,5,1457,0.20363891557995883
2026-06-02 18:00:00,Crocs Classic,0.08837142857142857,0.023262380038387716,7,521,0.023262380038387716
2026-06-02 18:00:00,Ninja Blender,-0.2165470588235294,-0.3785890488398081,17,15213,-0.3785890488398081
2026-06-02 18:00:00,Oura Ring,-0.21930769230769231,-0.263057653478854,13,7330,-0.263057653478854
2026-06-02 18:00:00,Stanley Tumbler,0.2844529411764706,0.08899770351253224,17,22861,0.08899770351253224
2026-06-02 19:00:00,Athletic Greens,0.36008,0.4627654465592972,5,1366,0.4627654465592972
2026-06-02 19:00:00,Crocs Classic,0.11978333333333335,0.1356702552719201,6,901,0.1356702552719201
2026-06-02 19:00:00,Ninja Blender,-0.244915,-0.1663144207505767,20,17773,-0.1663144207505767
2026-06-02 19:00:00,Oura Ring,-0.07931874999999998,-0.2056004009330806,16,13718,-0.2056004009330806
2026-06-02 19:00:00,Stanley Tumbler,0.062415,0.10292353166356775,20,18286,0.10292353166356775
2026-06-02 20:00:00,Athletic Greens,0.0,0.0,1,727,0.0
2026-06-02 20:00:00,Crocs Classic,0.029589999999999995,-0.027201302931596096,10,1535,-0.027201302931596096
2026-06-02 20:00:00,Ninja Blender,-0.11779999999999999,-0.08548347323260587,5,5361,-0.08548347323260587
2026-06-02 20:00:00,Oura Ring,-0.2699333333333333,-0.20286474934036938,12,7580,-0.20286474934036938
2026-06-02 20:00:00,Stanley Tumbler,0.23288399999999998,0.4518713503649635,25,19728,0.4518713503649635
2026-06-02 21:00:00,Athletic Greens,0.023766666666666676,-0.07050106252554146,3,2447,-0.07050106252554146
2026-06-02 21:00:00,Crocs Classic,0.02552857142857143,-0.0029761403508771905,7,855,-0.0029761403508771905
2026-06-02 21:00:00,Ninja Blender,-0.3889833333333333,-0.4005193035148957,12,12319,-0.4005193035148957
2026-06-02 21:00:00,Oura Ring,-0.24055999999999997,-0.21254385492556224,10,6314,-0.21254385492556224
2026-06-02 21:00:00,Stanley Tumbler,-0.005545454545454543,-0.051952301221386395,22,24726,-0.051952301221386395
2026-06-02 22:00:00,Athletic Greens,0.3542666666666667,0.5501555944055945,3,1144,0.5501555944055945
2026-06-02 22:00:00,Crocs Classic,0.0843,0.07794863013698629,5,292,0.07794863013698629
2026-06-02 22:00:00,Ninja Blender,-0.29836999999999997,-0.285929702240566,10,6784,-0.285929702240566
2026-06-02 22:00:00,Oura Ring,-0.4680533333333333,-0.37299614367562806,15,9076,-0.37299614367562806
2026-06-02 22:00:00,Stanley Tumbler,0.2329727272727273,0.24937737204782381,22,16979,0.24937737204782381
2026-06-02 23:00:00,Athletic Greens,0.013539999999999996,-0.026663729308666007,5,2054,-0.026663729308666007
2026-06-02 23:00:00,Crocs Classic,0.1655875,0.22896434573829533,8,833,0.22896434573829533
2026-06-02 23:00:00,Ninja Blender,-0.3471333333333333,-0.42226673242909984,6,4055,-0.42226673242909984
2026-06-02 23:00:00,Oura Ring,-0.262578947368421,-0.1670629603441164,19,16971,-0.1670629603441164
2026-06-02 23:00:00,Stanley Tumbler,0.38945,0.362498474801061,18,13572,0.362498474801061
2026-06-03 00:00:00,Athletic Greens,0.04292000000000001,-0.017252398523985222,5,1084,-0.017252398523985222
2026-06-03 00:00:00,Crocs Classic,-0.0304,-0.004378988326848257,3,1542,-0.004378988326848257
2026-06-03 00:00:00,Ninja Blender,-0.06990588235294116,-0.1667672843843316,17,11386,-0.1667672843843316
2026-06-03 00:00:00,Oura Ring,-0.14508823529411763,-0.10838278426355348,17,12506,-0.10838278426355348
2026-06-03 00:00:00,Stanley Tumbler,0.11620833333333334,0.10110199591888794,24,15682,0.10110199591888794
2026-06-03 01:00:00,Athletic Greens,-0.031875,0.10858643171806168,4,1135,0.10858643171806168
2026-06-03 01:00:00,Crocs Classic,0.045200000000000004,0.04174161023325809,13,1329,0.04174161023325809
2026-06-03 01:00:00,Ninja Blender,-0.2501833333333333,-0.08318301054179944,12,8158,-0.08318301054179944
2026-06-03 01:00:00,Oura Ring,-0.14415624999999999,-0.277467743783113,16,20951,-0.277467743783113
2026-06-03 01:00:00,Stanley Tumbler,0.0418625,0.031439269797737424,16,11668,0.031439269797737424
2026-06-03 02:00:00,Athletic Greens,0.33903333333333335,0.35399868293359216,9,7213,0.35399868293359216
2026-06-03 02:00:00,Crocs Classic,0.09576666666666667,0.3113990326481258,6,827,0.3113990326481258
2026-06-03 02:00:00,Ninja Blender,-0.08468,-0.11011742108797852,15,14890,-0.11011742108797852
2026-06-03 02:00:00,Oura Ring,-0.30690666666666666,-0.32251470018049333,15,14959,-0.32251470018049333
2026-06-03 02:00:00,Stanley Tumbler,0.24458695652173915,0.3040667323577509,23,23849,0.3040667323577509
2026-06-03 03:00:00,Athletic Greens,0.006740000000000001,-0.2201606736007925,5,2019,-0.2201606736007925
2026-06-03 03:00:00,Crocs Classic,0.26733333333333337,0.7112945686900959,3,1565,0.7112945686900959
2026-06-03 03:00:00,Ninja Blender,-0.12633333333333333,-0.21354130374222305,15,10769,-0.21354130374222305
2026-06-03 03:00:00,Oura Ring,-0.38232,-0.3915938616071429,10,6272,-0.3915938616071429
2026-06-03 03:00:00,Stanley Tumbler,0.18024,0.16696365342253405,20,12257,0.16696365342253405
2026-06-03 04:00:00,Athletic Greens,0.27295,0.343515255423373,6,4287,0.343515255423373
2026-06-03 04:00:00,Crocs Classic,0.18207,0.12300970042796006,10,701,0.12300970042796006
2026-06-03 04:00:00,Ninja Blender,-0.2402230769230769,-0.139355667539267,13,7640,-0.139355667539267
2026-06-03 04:00:00,Oura Ring,-0.1902,-0.22880433946877912,18,17168,-0.22880433946877912
2026-06-03 04:00:00,Stanley Tumbler,-0.020194117647058824,-0.06581138804058713,17,10151,-0.06581138804058713
2026-06-03 05:00:00,Athletic Greens,-0.09899,-0.08741838784445016,10,3883,-0.08741838784445016
2026-06-03 05:00:00,Crocs Classic,-0.00726,0.061281257557436526,5,827,0.061281257557436526
2026-06-03 05:00:00,Ninja Blender,-0.16904285714285713,-0.2371861956248428,21,15908,-0.2371861956248428
2026-06-03 05:00:00,Oura Ring,-0.16729285714285713,-0.31363090029933227,14,13029,-0.31363090029933227
2026-06-03 05:00:00,Stanley Tumbler,0.3031,0.3785005183703165,18,10996,0.3785005183703165
2026-06-03 06:00:00,Athletic Greens,-0.39303333333333335,-0.36047540650406507,3,492,-0.36047540650406507
2026-06-03 06:00:00,Crocs Classic,0.01338333333333333,-0.044539138943248534,6,511,-0.044539138943248534
2026-06-03 06:00:00,Ninja Blender,0.03557500000000001,0.07235773155416013,8,5096,0.07235773155416013
2026-06-03 06:00:00,Oura Ring,-0.19578666666666666,-0.33659364244150053,15,16154,-0.33659364244150053
2026-06-03 06:00:00,Stanley Tumbler,0.23650666666666667,0.18280083860889584,15,12163,0.18280083860889584
2026-06-03 07:00:00,Athletic Greens,0.7501,0.7501,1,226,0.0
2026-06-03 07:00:00,Crocs Classic,0.0,0.0,6,396,0.0
2026-06-03 07:00:00,Ninja Blender,-0.17637692307692307,-0.15280593103448276,13,9425,-0.15280593103448276
2026-06-03 07:00:00,Oura Ring,-0.39258,-0.31455351490614647,10,8151,-0.31455351490614647
2026-06-03 07:00:00,Stanley Tumbler,0.2554952380952381,0.14684845882781808,21,24689,0.14684845882781808
2026-06-03 08:00:00,Athletic Greens,0.18864285714285714,0.2786992698130009,7,5615,0.2786992698130009
2026-06-03 08:00:00,Crocs Classic,0.038275,0.03355616438356165,4,146,0.03355616438356165
2026-06-03 08:00:00,Ninja Blender,-0.25584999999999997,-0.36513036084612194,18,19288,-0.36513036084612194
2026-06-03 08:00:00,Oura Ring,-0.22685,-0.2748520538776876,14,11953,-0.2748520538776876
2026-06-03 08:00:00,Stanley Tumbler,0.23017600000000002,0.2563306599305336,25,19002,0.2563306599305336
2026-06-03 09:00:00,Athletic Greens,0.11812500000000001,0.3063564499746064,8,3938,0.3063564499746064
2026-06-03 09:00:00,Crocs Classic,0.12042857142857143,0.1706301605504587,7,872,0.1706301605504587
2026-06-03 09:00:00,Ninja Blender,-0.3019727272727273,-0.1559065702278972,11,12374,-0.1559065702278972
2026-06-03 09:00:00,Oura Ring,-0.043013333333333334,-0.025400478116954762,15,10876,-0.025400478116954762
2026-06-03 09:00:00,Stanley Tumbler,0.10305833333333335,0.09503133324767656,24,23349,0.09503133324767656
2026-06-03 10:00:00,Athletic Greens,0.22936,0.30098614173228344,5,1905,0.30098614173228344
2026-06-03 10:00:00,Crocs Classic,0.187525,0.19811611295681064,4,602,0.19811611295681064
2026-06-03 10:00:00,Ninja Blender,-0.29367222222222217,-0.18603665596419536,18,20556,-0.18603665596419536
2026-06-03 10:00:00,Oura Ring,-0.12373333333333332,-0.17315715891670921,12,9785,-0.17315715891670921
2026-06-03 10:00:00,Stanley Tumbler,0.17781818181818185,0.2172350910190099,22,14887,0.2172350910190099
2026-06-03 11:00:00,Athletic Greens,-0.011966666666666662,0.06720245901639343,3,1098,0.06720245901639343
2026-06-03 11:00:00,Crocs Classic,0.2202,0.4134492350486787,2,719,0.0
2026-06-03 11:00:00,Ninja Blender,-0.44365333333333334,-0.5358692199512469,15,10666,-0.5358692199512469
2026-06-03 11:00:00,Oura Ring,-0.0844846153846154,0.04235065812877983,13,11244,0.04235065812877983
2026-06-03 11:00:00,Stanley Tumbler,0.3178809523809524,0.28888993710691824,21,23214,0.28888993710691824
2026-06-03 12:00:00,Athletic Greens,-0.3412,-0.3412,1,3162,0.0
2026-06-03 12:00:00,Crocs Classic,0.07655,0.0963962962962963,4,378,0.0963962962962963
2026-06-03 12:00:00,Ninja Blender,-0.20529999999999998,-0.21472559036647032,13,19183,-0.21472559036647032
2026-06-03 12:00:00,Oura Ring,-0.053069230769230764,-0.11046874787149505,13,8809,-0.11046874787149505
2026-06-03 12:00:00,Stanley Tumbler,0.19188695652173915,0.3552453746120881,23,13534,0.3552453746120881
2026-06-03 13:00:00,Athletic Greens,0.3232,0.5504610593136283,3,5041,0.5504610593136283
2026-06-03 13:00:00,Crocs Classic,0.0843,0.05214432989690722,5,194,0.05214432989690722
2026-06-03 13:00:00,Ninja Blender,-0.20056,0.10422172437629612,15,15913,0.10422172437629612
2026-06-03 13:00:00,Oura Ring,-0.39956153846153847,-0.3561810491654366,13,8807,-0.3561810491654366
2026-06-03 13:00:00,Stanley Tumbler,0.215864,0.2560320020315819,25,21658,0.2560320020315819
2026-06-03 14:00:00,Athletic Greens,0.20379,0.19705353459591227,10,5333,0.19705353459591227
2026-06-03 14:00:00,Crocs Classic,0.19502727272727272,0.11555956043956045,11,455,0.11555956043956045
2026-06-03 14:00:00,Ninja Blender,-0.27324000000000004,-0.22464021859574898,20,19854,-0.22464021859574898
2026-06-03 14:00:00,Oura Ring,-0.3424307692307692,-0.24401785929043895,13,11641,-0.24401785929043895
2026-06-03 14:00:00,Stanley Tumbler,0.12690952380952383,0.15235117731172548,21,20980,0.15235117731172548
2026-06-03 15:00:00,Athletic Greens,0.7247,0.6896474020514545,3,5947,0.6896474020514545
2026-06-03 15:00:00,Crocs Classic,0.038275,0.014341484184914842,8,822,0.014341484184914842
2026-06-03 15:00:00,Ninja Blender,-0.2533384615384615,-0.35865541804576195,13,13898,-0.35865541804576195
2026-06-03 15:00:00,Oura Ring,-0.30355882352941177,-0.15239622043918918,17,23680,-0.15239622043918918
2026-06-03 15:00:00,Stanley Tumbler,0.24313333333333334,0.2684854210251046,18,15296,0.2684854210251046
2026-06-03 16:00:00,Athletic Greens,0.0669,0.15433277027027026,6,2368,0.15433277027027026
2026-06-03 16:00:00,Crocs Classic,0.09576666666666667,0.09908512035010941,6,457,0.09908512035010941
2026-06-03 16:00:00,Ninja Blender,-0.10738571428571428,0.0980314095704021,14,13082,0.0980314095704021
2026-06-03 16:00:00,Oura Ring,-0.2623238095238095,-0.19133093518996042,21,23268,-0.19133093518996042
2026-06-03 16:00:00,Stanley Tumbler,-0.09593333333333333,-0.29846603904756386,15,17261,-0.29846603904756386
2026-06-03 17:00:00,Athletic Greens,0.3506666666666667,0.2025089430894309,3,1230,0.2025089430894309
2026-06-03 17:00:00,Crocs Classic,0.15918333333333334,0.38270363636363636,6,715,0.38270363636363636
2026-06-03 17:00:00,Ninja Blender,-0.2897785714285714,-0.3726118271417741,14,14509,-0.3726118271417741
2026-06-03 17:00:00,Oura Ring,-0.2597375,-0.3485846015546507,16,18911,-0.3485846015546507
2026-06-03 17:00:00,Stanley Tumbler,0.1094,0.11516767204393341,22,23308,0.11516767204393341
2026-06-03 18:00:00,Athletic Greens,-0.065175,-0.05230287917737789,4,1945,-0.05230287917737789
2026-06-03 18:00:00,Crocs Classic,0.0,0.0,1,23,0.0
2026-06-03 18:00:00,Ninja Blender,-0.17635263157894734,-0.21017646708209162,19,18455,-0.21017646708209162
2026-06-03 18:00:00,Oura Ring,-0.2913636363636364,-0.3519861065411017,22,17627,-0.3519861065411017
2026-06-03 18:00:00,Stanley Tumbler,0.0950684210526316,0.13369764467005077,19,14775,0.13369764467005077
2026-06-03 19:00:00,Athletic Greens,-0.034249999999999996,-0.02823071895424835,6,1836,-0.02823071895424835
2026-06-03 19:00:00,Crocs Classic,0.093325,0.18294129606099113,8,787,0.18294129606099113
2026-06-03 19:00:00,Ninja Blender,-0.29685555555555554,-0.20262993693224554,18,17283,-0.20262993693224554
2026-06-03 19:00:00,Oura Ring,-0.1532,-0.25190585510468777,20,16191,-0.25190585510468777
2026-06-03 19:00:00,Stanley Tumbler,0.17746153846153845,0.2670624944931225,26,20429,0.2670624944931225
2026-06-03 20:00:00,Athletic Greens,-0.023939999999999996,-0.09431493174061434,5,2344,-0.09431493174061434
2026-06-03 20:00:00,Crocs Classic,0.11492,0.012489336016096579,5,497,0.012489336016096579
2026-06-03 20:00:00,Ninja Blender,-0.08969166666666666,-0.1952507594417077,12,14616,-0.1952507594417077
2026-06-03 20:00:00,Oura Ring,-0.2200190476190476,-0.13809077308255982,21,16376,-0.13809077308255982
2026-06-03 20:00:00,Stanley Tumbler,0.1927578947368421,0.1470612466410243,19,18979,0.1470612466410243
2026-06-03 21:00:00,Athletic Greens,0.019450000000000016,0.25695715299964506,4,2817,0.25695715299964506
2026-06-03 21:00:00,Crocs Classic,0.14365,0.12937087719298246,4,285,0.12937087719298246
2026-06-03 21:00:00,Ninja Blender,-0.18627647058823527,-0.1795992747842483,17,13789,-0.1795992747842483
2026-06-03 21:00:00,Oura Ring,-0.23361,-0.2013846520649802,10,12373,-0.2013846520649802
2026-06-03 21:00:00,Stanley Tumbler,0.16866666666666666,0.2422202315077917,33,33433,0.2422202315077917
2026-06-03 22:00:00,Athletic Greens,0.4428666666666667,0.38441134945397815,3,2564,0.38441134945397815
2026-06-03 22:00:00,Crocs Classic,0.057412500000000005,0.056845785876993175,8,439,0.056845785876993175
2026-06-03 22:00:00,Ninja Blender,-0.11217777777777778,-0.07907727272727273,9,5676,-0.07907727272727273
2026-06-03 22:00:00,Oura Ring,-0.30477647058823526,-0.30732774188757706,17,13467,-0.30732774188757706
2026-06-03 22:00:00,Stanley Tumbler,0.2155642857142857,0.2482956862614266,28,29974,0.2482956862614266
2026-06-03 23:00:00,Athletic Greens,0.21566666666666667,0.3809930008748907,6,4572,0.3809930008748907
2026-06-03 23:00:00,Crocs Classic,0.12042727272727273,0.16419614855570838,11,727,0.16419614855570838
2026-06-03 23:00:00,Ninja Blender,-0.12845833333333334,-0.2576866968232754,12,9727,-0.2576866968232754
2026-06-03 23:00:00,Oura Ring,-0.23204444444444444,-0.2070868233430156,9,7574,-0.2070868233430156
2026-06-03 23:00:00,Stanley Tumbler,0.23566875,0.24008788883879695,32,31054,0.24008788883879695
2026-06-04 00:00:00,Athletic Greens,0.526,0.61432,4,950,0.61432
2026-06-04 00:00:00,Crocs Classic,0.071825,0.15811714285714287,8,945,0.15811714285714287
2026-06-04 00:00:00,Ninja Blender,-0.1666363636363636,-0.29139851616994294,11,7885,-0.29139851616994294
2026-06-04 00:00:00,Oura Ring,-0.13395294117647058,-0.14996514697981425,17,13029,-0.14996514697981425
2026-06-04 00:00:00,Stanley Tumbler,0.10956666666666666,0.07918431911966987,24,14540,0.07918431911966987
2026-06-04 01:00:00,Athletic Greens,0.137175,0.09776064724919095,4,1545,0.09776064724919095
2026-06-04 01:00:00,Crocs Classic,0.06021428571428571,0.09074787535410765,7,353,0.09074787535410765
2026-06-04 01:00:00,Ninja Blender,-0.21513529411764704,-0.16995861347468266,17,14338,-0.16995861347468266
2026-06-04 01:00:00,Oura Ring,-0.23607692307692307,-0.22840640868974882,13,7365,-0.22840640868974882
2026-06-04 01:00:00,Stanley Tumbler,0.042770967741935485,0.02649118546138599,31,29769,0.02649118546138599
2026-06-04 02:00:00,Athletic Greens,0.16265000000000002,0.23254770191878624,2,2241,0.0
2026-06-04 02:00:00,Crocs Classic,0.1093,0.20689102564102563,10,1092,0.20689102564102563
2026-06-04 02:00:00,Ninja Blender,-0.4385333333333333,-0.3509340265821913,15,14521,-0.3509340265821913
2026-06-04 02:00:00,Oura Ring,-0.39303999999999994,-0.4830778517901748,10,8407,-0.4830778517901748
2026-06-04 02:00:00,Stanley Tumbler,0.1575516129032258,0.08641474574973196,31,26116,0.08641474574973196
2026-06-04 03:00:00,Athletic Greens,-0.10635,-0.22862916834069907,4,2489,-0.22862916834069907
2026-06-04 03:00:00,Crocs Classic,0.07024999999999999,0.04757336343115124,6,443,0.04757336343115124
2026-06-04 03:00:00,Ninja Blender,-0.22713571428571427,-0.22172270288120202,14,12113,-0.22172270288120202
2026-06-04 03:00:00,Oura Ring,-0.38882,-0.3137806384695171,25,26031,-0.3137806384695171
2026-06-04 03:00:00,Stanley Tumbler,0.273152,0.27368003609956765,25,23823,0.27368003609956765
2026-06-04 04:00:00,Athletic Greens,0.5837333333333333,0.5321456846950517,3,869,0.5321456846950517
2026-06-04 04:00:00,Crocs Classic,0.1735,0.02637016574585637,6,181,0.02637016574585637
2026-06-04 04:00:00,Ninja Blender,-0.27379166666666666,-0.26210592128485705,12,11332,-0.26210592128485705
2026-06-04 04:00:00,Oura Ring,-0.20162142857142856,-0.2333585520361991,14,12155,-0.2333585520361991
2026-06-04 04:00:00,Stanley Tumbler,0.09631785714285715,0.19626845521226938,28,22495,0.19626845521226938
2026-06-04 05:00:00,Athletic Greens,0.059100000000000014,-0.11707925696594425,4,1938,-0.11707925696594425
2026-06-04 05:00:00,Crocs Classic,0.004679999999999999,-0.0028967954759660675,15,1061,-0.0028967954759660675
2026-06-04 05:00:00,Ninja Blender,-0.1208111111111111,-0.0984379437229437,9,9240,-0.0984379437229437
2026-06-04 05:00:00,Oura Ring,-0.33335499999999996,-0.40805341665082684,20,21044,-0.40805341665082684
2026-06-04 05:00:00,Stanley Tumbler,0.0361375,0.02145324795137569,32,18427,0.02145324795137569
2026-06-04 06:00:00,Crocs Classic,0.13133333333333333,-0.07533242574257425,6,404,-0.07533242574257425
2026-06-04 06:00:00,Ninja Blender,0.012646153846153859,-0.13376294837238228,13,9646,-0.13376294837238228
2026-06-04 06:00:00,Oura Ring,-0.28756875,-0.43215421661110714,16,14099,-0.43215421661110714
2026-06-04 06:00:00,Stanley Tumbler,0.23735714285714285,0.24213701854183858,21,23029,0.24213701854183858
2026-06-04 07:00:00,Athletic Greens,0.34085,0.47926877192982453,10,3990,0.47926877192982453
2026-06-04 07:00:00,Crocs Classic,0.0,0.0,8,1011,0.0
2026-06-04 07:00:00,Ninja Blender,-0.16259047619047617,-0.3072682302231237,21,19720,-0.3072682302231237
2026-06-04 07:00:00,Oura Ring,-0.3247307692307692,-0.2632455951311983,13,10023,-0.2632455951311983
2026-06-04 07:00:00,Stanley Tumbler,0.22561785714285715,0.26513890246611865,28,22505,0.26513890246611865
2026-06-04 08:00:00,Athletic Greens,0.32486000000000004,0.18838159597411935,5,1391,0.18838159597411935
2026-06-04 08:00:00,Crocs Classic,0.11492,0.09795248618784531,5,181,0.09795248618784531
2026-06-04 08:00:00,Ninja Blender,-0.3911230769230769,-0.3639388475177305,13,11280,-0.3639388475177305
2026-06-04 08:00:00,Oura Ring,-0.24434999999999998,-0.20129528089887638,14,15130,-0.20129528089887638
2026-06-04 08:00:00,Stanley Tumbler,0.2661074074074074,0.18781760776752512,27,29044,0.18781760776752512
2026-06-04 09:00:00,Athletic Greens,0.039599999999999996,0.1790086956521739,2,230,0.0
2026-06-04 09:00:00,Crocs Classic,0.0,0.0,5,148,0.0
2026-06-04 09:00:00,Ninja Blender,-0.18540625,-0.270968431871574,16,10216,-0.270968431871574
2026-06-04 09:00:00,Oura Ring,-0.3065238095238095,-0.358024352879028,21,18930,-0.358024352879028
2026-06-04 09:00:00,Stanley Tumbler,0.1599666666666667,0.05369594887969525,27,24413,0.05369594887969525
2026-06-04 10:00:00,Athletic Greens,0.21046,0.3178741991043748,5,2903,0.3178741991043748
2026-06-04 10:00:00,Crocs Classic,0.0909625,0.11430338461538461,8,325,0.11430338461538461
2026-06-04 10:00:00,Ninja Blender,-0.20760714285714285,-0.24087868020304568,14,12017,-0.24087868020304568
2026-06-04 10:00:00,Oura Ring,-0.28152,-0.54906197421981,5,2948,-0.54906197421981
2026-06-04 10:00:00,Stanley Tumbler,0.040510000000000004,-0.025947235458429183,30,24344,-0.025947235458429183
2026-06-04 11:00:00,Athletic Greens,0.14792222222222223,-0.00295532273603083,9,4152,-0.00295532273603083
2026-06-04 11:00:00,Crocs Classic,0.06021428571428571,0.004857712765957446,7,2256,0.004857712765957446
2026-06-04 11:00:00,Ninja Blender,-0.40783846153846154,-0.2671931719520271,13,13591,-0.2671931719520271
2026-06-04 11:00:00,Oura Ring,-0.22548823529411766,-0.24129246468926555,17,14160,-0.24129246468926555
2026-06-04 11:00:00,Stanley Tumbler,0.14254347826086958,0.21666040502373654,23,16641,0.21666040502373654
2026-06-04 12:00:00,Athletic Greens,0.04204000000000001,-0.10064558486238534,5,1744,-0.10064558486238534
2026-06-04 12:00:00,Crocs Classic,0.09576666666666667,0.0044556786703601105,6,361,0.0044556786703601105
2026-06-04 12:00:00,Ninja Blender,-0.2355625,-0.22861087592496987,16,11622,-0.22861087592496987
2026-06-04 12:00:00,Oura Ring,-0.35665714285714284,-0.3031481800917867,14,12638,-0.3031481800917867
2026-06-04 12:00:00,Stanley Tumbler,0.20369259259259262,0.267627598217902,27,24690,0.267627598217902
2026-06-04 13:00:00,Athletic Greens,0.098725,-0.06061883052527253,4,1009,-0.06061883052527253
2026-06-04 13:00:00,Crocs Classic,0.071825,0.04947445255474453,8,274,0.04947445255474453
2026-06-04 13:00:00,Ninja Blender,-0.273,-0.21853995098039214,7,3672,-0.21853995098039214
2026-06-04 13:00:00,Oura Ring,-0.17092307692307693,-0.33187531025473543,13,12248,-0.33187531025473543
2026-06-04 13:00:00,Stanley Tumbler,0.24287931034482757,0.2561128383906656,29,28111,0.2561128383906656
2026-06-04 14:00:00,Athletic Greens,0.22862500000000002,0.38555204831932777,8,3808,0.38555204831932777
2026-06-04 14:00:00,Crocs Classic,0.0,0.0,2,337,0.0
2026-06-04 14:00:00,Ninja Blender,-0.2672941176470588,-0.4207808921187821,17,15962,-0.4207808921187821
2026-06-04 14:00:00,Oura Ring,-0.08209999999999999,-0.07755948990678789,24,17487,-0.07755948990678789
2026-06-04 14:00:00,Stanley Tumbler,0.2468916666666667,0.20325254258781755,24,23657,0.20325254258781755
2026-06-04 15:00:00,Athletic Greens,0.27032,0.23777285790314,5,1879,0.23777285790314
2026-06-04 15:00:00,Crocs Classic,0.09936363636363636,0.0704168956043956,11,728,0.0704168956043956
2026-06-04 15:00:00,Ninja Blender,-0.24534166666666665,-0.3603330529706514,12,11176,-0.3603330529706514
2026-06-04 15:00:00,Oura Ring,-0.21021333333333334,-0.2876014344023323,15,17150,-0.2876014344023323
2026-06-04 15:00:00,Stanley Tumbler,0.10078235294117646,-0.09217425239901807,17,17924,-0.09217425239901807
2026-06-04 16:00:00,Athletic Greens,-0.26721428571428574,-0.24305717425431714,7,3185,-0.24305717425431714
2026-06-04 16:00:00,Crocs Classic,0.0,0.0,5,112,0.0
2026-06-04 16:00:00,Ninja Blender,-0.1313,-0.1968884787726893,15,13167,-0.1968884787726893
2026-06-04 16:00:00,Oura Ring,-0.3866076923076923,-0.2938742072572736,13,9177,-0.2938742072572736
2026-06-04 16:00:00,Stanley Tumbler,0.14194400000000001,0.22243149687220734,25,22380,0.22243149687220734
2026-06-04 17:00:00,Athletic Greens,0.030442857142857136,0.05409248908296944,7,3435,0.05409248908296944
2026-06-04 17:00:00,Crocs Classic,0.12128333333333334,0.09340830039525692,6,253,0.09340830039525692
2026-06-04 17:00:00,Ninja Blender,-0.33239230769230765,-0.3195034644744568,13,11921,-0.3195034644744568
2026-06-04 17:00:00,Oura Ring,-0.375976,-0.20834618007324157,25,23757,-0.20834618007324157
2026-06-04 17:00:00,Stanley Tumbler,0.3638235294117647,0.39271037917052004,17,14057,0.39271037917052004
2026-06-04 18:00:00,Athletic Greens,-0.15746666666666667,-0.07958744113029827,3,1274,-0.07958744113029827
2026-06-04 18:00:00,Crocs Classic,0.09576666666666667,0.1797242424242424,6,561,0.1797242424242424
2026-06-04 18:00:00,Ninja Blender,-0.34835999999999995,-0.2529017886626307,15,14536,-0.2529017886626307
2026-06-04 18:00:00,Oura Ring,-0.005641176470588231,0.13817650589182462,17,13663,0.13817650589182462
2026-06-04 18:00:00,Stanley Tumbler,0.026410344827586207,0.0518364346699192,29,26236,0.0518364346699192
2026-06-04 19:00:00,Athletic Greens,0.388675,0.35095417624521075,4,2610,0.35095417624521075
2026-06-04 19:00:00,Crocs Classic,0.14365,0.043562559241706156,4,211,0.043562559241706156
2026-06-04 19:00:00,Ninja Blender,-0.1135,-0.11945613737145012,13,10599,-0.11945613737145012
2026-06-04 19:00:00,Oura Ring,-0.28013846153846156,-0.28539712178633614,13,9763,-0.28539712178633614
2026-06-04 19:00:00,Stanley Tumbler,-0.009056666666666668,0.008738384275694875,30,23098,0.008738384275694875
2026-06-04 20:00:00,Athletic Greens,0.29526666666666673,0.35358772484200296,6,4114,0.35358772484200296
2026-06-04 20:00:00,Crocs Classic,0.0,0.0,3,462,0.0
2026-06-04 20:00:00,Ninja Blender,-0.36134166666666667,-0.22569140935783294,12,10558,-0.22569140935783294
2026-06-04 20:00:00,Oura Ring,-0.11816249999999999,-0.008705210841034396,16,12877,-0.008705210841034396
2026-06-04 20:00:00,Stanley Tumbler,0.15383125,0.2250452322567085,16,14273,0.2250452322567085
2026-06-04 21:00:00,Athletic Greens,0.09842000000000001,0.3393331136303718,5,3793,0.3393331136303718
2026-06-04 21:00:00,Crocs Classic,0.11067777777777778,0.18340583333333332,9,480,0.18340583333333332
2026-06-04 21:00:00,Ninja Blender,-0.26842941176470586,-0.22469876254432958,17,26506,-0.22469876254432958
2026-06-04 21:00:00,Oura Ring,-0.23417619047619048,-0.27217486854812745,21,18638,-0.27217486854812745
2026-06-04 21:00:00,Stanley Tumbler,0.0026965517241379347,0.013306586183769288,29,29820,0.013306586183769288
2026-06-04 22:00:00,Athletic Greens,0.18265,0.3010342657342657,8,4576,0.3010342657342657
2026-06-04 22:00:00,Crocs Classic,0.010337500000000003,-0.1368070625,8,1600,-0.1368070625
2026-06-04 22:00:00,Ninja Blender,-0.10401052631578947,-0.2049726697493307,19,16436,-0.2049726697493307
2026-06-04 22:00:00,Oura Ring,-0.14455416666666665,-0.22881853952291858,24,17104,-0.22881853952291858
2026-06-04 22:00:00,Stanley Tumbler,0.165712,-0.032083602681721946,25,28340,-0.032083602681721946
2026-06-04 23:00:00,Athletic Greens,0.46195,0.6328500077101002,2,6485,0.0
2026-06-04 23:00:00,Crocs Classic,0.2873,0.32877999999999996,2,55,0.0
2026-06-04 23:00:00,Ninja Blender,-0.2594166666666667,-0.28383423844405153,12,7918,-0.28383423844405153
2026-06-04 23:00:00,Oura Ring,-0.35886874999999996,-0.43073544862854485,16,8604,-0.43073544862854485
2026-06-04 23:00:00,Stanley Tumbler,0.01811142857142857,-0.019813512743390858,35,31585,-0.019813512743390858
2026-06-05 00:00:00,Athletic Greens,-0.05013999999999998,-0.06883054213633921,5,1863,-0.06883054213633921
2026-06-05 00:00:00,Crocs Classic,0.21075,0.09685984848484848,4,396,0.09685984848484848
2026-06-05 00:00:00,Ninja Blender,-0.13786666666666667,-0.1185965080032223,21,28551,-0.1185965080032223
2026-06-05 00:00:00,Oura Ring,-0.33194666666666667,-0.47898472896301864,15,14629,-0.47898472896301864
2026-06-05 00:00:00,Stanley Tumbler,0.0313,-0.044791074624194696,25,22352,-0.044791074624194696
2026-06-05 01:00:00,Athletic Greens,0.442025,0.4003747279322854,4,827,0.4003747279322854
2026-06-05 01:00:00,Crocs Classic,0.0,0.0,6,765,0.0
2026-06-05 01:00:00,Ninja Blender,-0.12592631578947366,-0.05760920454545455,19,15840,-0.05760920454545455
2026-06-05 01:00:00,Oura Ring,-0.2806444444444444,-0.30276191242755957,9,6212,-0.30276191242755957
2026-06-05 01:00:00,Stanley Tumbler,0.2534821428571429,0.08253498435870699,28,26852,0.08253498435870699
2026-06-05 02:00:00,Athletic Greens,0.0891625,0.04492950719314358,8,3267,0.04492950719314358
2026-06-05 02:00:00,Crocs Classic,0.07655,0.04230394736842106,4,304,0.04230394736842106
2026-06-05 02:00:00,Ninja Blender,-0.16407692307692306,-0.09291810514478493,13,10671,-0.09291810514478493
2026-06-05 02:00:00,Oura Ring,-0.17288749999999997,-0.08096770392892773,24,21049,-0.08096770392892773
2026-06-05 02:00:00,Stanley Tumbler,0.20842222222222226,0.2891056234909261,27,25678,0.2891056234909261
2026-06-05 03:00:00,Athletic Greens,0.01292000000000002,-0.014320268310369824,5,2758,-0.014320268310369824
2026-06-05 03:00:00,Crocs Classic,0.09961,0.16520487804878048,10,369,0.16520487804878048
2026-06-05 03:00:00,Ninja Blender,-0.1482230769230769,-0.20418310012437807,13,12864,-0.20418310012437807
2026-06-05 03:00:00,Oura Ring,-0.003493749999999997,-0.1995231724688052,16,17551,-0.1995231724688052
2026-06-05 03:00:00,Stanley Tumbler,0.26271428571428573,0.2791510931416592,21,20034,0.2791510931416592
2026-06-05 04:00:00,Athletic Greens,0.4169333333333333,0.37121784166096283,6,4383,0.37121784166096283
2026-06-05 04:00:00,Crocs Classic,0.06384444444444444,0.09613429672447013,9,519,0.09613429672447013
2026-06-05 04:00:00,Ninja Blender,-0.24291052631578944,-0.18262800030229745,19,13232,-0.18262800030229745
2026-06-05 04:00:00,Oura Ring,-0.31262105263157897,-0.2635318516352293,19,20517,-0.2635318516352293
2026-06-05 04:00:00,Stanley Tumbler,0.30945,0.32110336087612307,28,30498,0.32110336087612307
2026-06-05 05:00:00,Athletic Greens,-0.4767,-0.4767,1,195,0.0
2026-06-05 05:00:00,Crocs Classic,0.1101,0.14534315992292873,8,519,0.14534315992292873
2026-06-05 05:00:00,Ninja Blender,-0.26424166666666665,-0.251515921757185,12,9151,-0.251515921757185
2026-06-05 05:00:00,Oura Ring,-0.16655238095238095,-0.2850162269490597,21,21908,-0.2850162269490597
2026-06-05 05:00:00,Stanley Tumbler,0.02299,0.013359686312112599,30,29201,0.013359686312112599
2026-06-05 06:00:00,Athletic Greens,0.09112857142857145,-0.10639222526787938,7,4013,-0.10639222526787938
2026-06-05 06:00:00,Crocs Classic,0.0733,-0.3288045226130653,5,1194,-0.3288045226130653
2026-06-05 06:00:00,Ninja Blender,-0.19161052631578945,-0.2570354711141678,19,11632,-0.2570354711141678
2026-06-05 06:00:00,Oura Ring,-0.15929333333333331,-0.10794785070320952,30,27730,-0.10794785070320952
2026-06-05 06:00:00,Stanley Tumbler,0.0479375,-0.06434971696412475,32,27735,-0.06434971696412475
2026-06-05 07:00:00,Athletic Greens,0.19335,-0.1988889812889813,4,2405,-0.1988889812889813
2026-06-05 07:00:00,Crocs Classic,0.14554,0.2709326241134752,5,141,0.2709326241134752
2026-06-05 07:00:00,Ninja Blender,0.002,0.04765388632872504,16,9765,0.04765388632872504
2026-06-05 07:00:00,Oura Ring,-0.13106666666666666,-0.18795775599582898,15,23975,-0.18795775599582898
2026-06-05 07:00:00,Stanley Tumbler,0.10103870967741936,0.13784801562303137,31,23811,0.13784801562303137
2026-06-05 08:00:00,Athletic Greens,-0.22093333333333334,-0.05246594360086768,6,3688,-0.05246594360086768
2026-06-05 08:00:00,Crocs Classic,0.105375,0.007144067796610169,4,59,0.007144067796610169
2026-06-05 08:00:00,Ninja Blender,-0.18756666666666666,-0.1835812995699952,12,10465,-0.1835812995699952
2026-06-05 08:00:00,Oura Ring,-0.30981875,-0.33802322039616367,16,20749,-0.33802322039616367
2026-06-05 08:00:00,Stanley Tumbler,0.22575555555555557,0.16260247565304453,18,21974,0.16260247565304453
2026-06-05 09:00:00,Athletic Greens,0.36093333333333333,0.5213304494382023,3,890,0.5213304494382023
2026-06-05 09:00:00,Crocs Classic,0.01363333333333334,-0.03245488565488564,6,481,-0.03245488565488564
2026-06-05 09:00:00,Ninja Blender,-0.27286470588235295,-0.17642460259506826,17,17803,-0.17642460259506826
2026-06-05 09:00:00,Oura Ring,-0.27648461538461533,-0.40932333723425,13,10254,-0.40932333723425
2026-06-05 09:00:00,Stanley Tumbler,0.2549571428571429,0.19471265660029013,35,30332,0.19471265660029013
2026-06-05 10:00:00,Athletic Greens,0.2936,0.3762813098236776,3,1985,0.3762813098236776
2026-06-05 10:00:00,Crocs Classic,0.10619090909090909,0.3462734477124183,11,1224,0.3462734477124183
2026-06-05 10:00:00,Ninja Blender,-0.32681176470588236,-0.3362990515907715,17,14867,-0.3362990515907715
2026-06-05 10:00:00,Oura Ring,-0.054836363636363634,0.1403690373044525,11,16620,0.1403690373044525
2026-06-05 10:00:00,Stanley Tumbler,0.20231428571428572,0.2152231887215237,35,32132,0.2152231887215237
2026-06-05 11:00:00,Athletic Greens,0.3486,0.45827350393700794,3,2540,0.45827350393700794
2026-06-05 11:00:00,Crocs Classic,0.0839375,0.1307685917721519,8,1264,0.1307685917721519
2026-06-05 11:00:00,Ninja Blender,-0.19846363636363637,-0.18493991852157998,22,16937,-0.18493991852157998
2026-06-05 11:00:00,Oura Ring,-0.35887142857142856,-0.48568617021276594,14,8084,-0.48568617021276594
2026-06-05 11:00:00,Stanley Tumbler,0.0918,0.11623089367552702,40,43640,0.11623089367552702
2026-06-05 12:00:00,Athletic Greens,-0.3412,-0.3412,1,235,0.0
2026-06-05 12:00:00,Crocs Classic,0.043742857142857146,0.022205343511450388,7,262,0.022205343511450388
2026-06-05 12:00:00,Ninja Blender,-0.201925,-0.25164831043445973,12,13465,-0.25164831043445973
2026-06-05 12:00:00,Oura Ring,-0.24210454545454543,-0.3107178216030396,22,16581,-0.3107178216030396
2026-06-05 12:00:00,Stanley Tumbler,0.23333225806451616,0.3041645071923282,31,37540,0.3041645071923282
2026-06-05 13:00:00,Athletic Greens,-0.011300000000000004,0.1266110657596372,6,2205,0.1266110657596372
2026-06-05 13:00:00,Crocs Classic,0.0,0.0,5,333,0.0
2026-06-05 13:00:00,Ninja Blender,-0.20765,-0.17612445034811286,16,10916,-0.17612445034811286
2026-06-05 13:00:00,Oura Ring,-0.30826666666666663,-0.37033457095709565,15,13332,-0.37033457095709565
2026-06-05 13:00:00,Stanley Tumbler,0.20997500000000002,0.16305905111047836,32,28096,0.16305905111047836
2026-06-05 14:00:00,Athletic Greens,-0.39303333333333335,-0.40065601483836777,3,1887,-0.40065601483836777
2026-06-05 14:00:00,Crocs Classic,0.08208571428571429,0.06276145833333334,7,288,0.06276145833333334
2026-06-05 14:00:00,Ninja Blender,-0.10375384615384614,-0.10377343386048792,13,16314,-0.10377343386048792
2026-06-05 14:00:00,Oura Ring,-0.24290625,-0.21259316718240362,16,11957,-0.21259316718240362
2026-06-05 14:00:00,Stanley Tumbler,0.249865,0.34911837609070484,40,38278,0.34911837609070484
2026-06-05 15:00:00,Athletic Greens,-0.14686666666666667,-0.18562331022530332,6,3462,-0.18562331022530332
2026-06-05 15:00:00,Crocs Classic,0.03062,0.006568646864686469,5,303,0.006568646864686469
2026-06-05 15:00:00,Ninja Blender,-0.4650047619047619,-0.47283285763059063,21,14645,-0.47283285763059063
2026-06-05 15:00:00,Oura Ring,-0.12190999999999999,-0.10111945912816978,20,13053,-0.10111945912816978
2026-06-05 15:00:00,Stanley Tumbler,0.31494516129032263,0.3203530968952843,31,25574,0.3203530968952843
2026-06-05 16:00:00,Athletic Greens,-0.04799999999999999,-0.24151253791708796,3,989,-0.24151253791708796
2026-06-05 16:00:00,Crocs Classic,0.12582857142857143,0.11463407534246577,7,584,0.11463407534246577
2026-06-05 16:00:00,Ninja Blender,-0.1930111111111111,-0.13772878102289865,18,14586,-0.13772878102289865
2026-06-05 16:00:00,Oura Ring,-0.30277692307692305,-0.36057994285714284,13,7000,-0.36057994285714284
2026-06-05 16:00:00,Stanley Tumbler,0.2550655172413793,0.25253924622074964,29,24145,0.25253924622074964
2026-06-05 17:00:00,Athletic Greens,0.19007142857142859,0.2026641936332544,7,3801,0.2026641936332544
2026-06-05 17:00:00,Crocs Classic,0.038275,0.02687393617021277,4,188,0.02687393617021277
2026-06-05 17:00:00,Ninja Blender,-0.2459083333333333,-0.2235623934597321,12,5749,-0.2235623934597321
2026-06-05 17:00:00,Oura Ring,-0.24893181818181817,-0.4297586892787876,22,22171,-0.4297586892787876
2026-06-05 17:00:00,Stanley Tumbler,0.26585909090909093,0.3662319574765422,22,20036,0.3662319574765422
2026-06-05 18:00:00,Athletic Greens,0.11465555555555557,0.30807617951668587,9,6952,0.30807617951668587
2026-06-05 18:00:00,Crocs Classic,-0.012744444444444447,-0.1897774422735346,9,563,-0.1897774422735346
2026-06-05 18:00:00,Ninja Blender,-0.10927619047619047,-0.1005026830321347,21,16213,-0.1005026830321347
2026-06-05 18:00:00,Oura Ring,-0.32499999999999996,-0.20840388143431127,17,13191,-0.20840388143431127
2026-06-05 18:00:00,Stanley Tumbler,0.39324000000000003,0.39511517138311725,25,20743,0.39511517138311725
2026-06-05 19:00:00,Athletic Greens,0.13642500000000002,0.019991869545245768,4,2177,0.019991869545245768
2026-06-05 19:00:00,Crocs Classic,0.05888461538461539,0.04442006880733945,13,872,0.04442006880733945
2026-06-05 19:00:00,Ninja Blender,-0.1655642857142857,-0.2872485531441291,14,7188,-0.2872485531441291
2026-06-05 19:00:00,Oura Ring,-0.18606666666666666,-0.062557589017589,18,11655,-0.062557589017589
2026-06-05 19:00:00,Stanley Tumbler,0.04033600000000001,0.1674065433914688,25,23795,0.1674065433914688
2026-06-05 20:00:00,Athletic Greens,0.0778375,-0.020479013795127676,8,3407,-0.020479013795127676
2026-06-05 20:00:00,Crocs Classic,0.0,0.0,7,929,0.0
2026-06-05 20:00:00,Ninja Blender,-0.35734,-0.29552827106582563,25,24732,-0.29552827106582563
2026-06-05 20:00:00,Oura Ring,-0.17590999999999998,-0.03249215833835037,20,13288,-0.03249215833835037
2026-06-05 20:00:00,Stanley Tumbler,0.026488000000000005,0.03725879427054117,25,26739,0.03725879427054117
2026-06-05 21:00:00,Athletic Greens,-0.1835125,-0.2572171330783169,8,4967,-0.2572171330783169
2026-06-05 21:00:00,Crocs Classic,0.02551666666666667,0.03257446808510639,6,188,0.03257446808510639
2026-06-05 21:00:00,Ninja Blender,-0.05599333333333333,-0.04088130911525904,15,11947,-0.04088130911525904
2026-06-05 21:00:00,Oura Ring,-0.2910695652173913,-0.32210374126552793,23,20608,-0.32210374126552793
2026-06-05 21:00:00,Stanley Tumbler,0.12619,0.22019187871337845,30,24405,0.22019187871337845
2026-06-05 22:00:00,Athletic Greens,0.0919,-0.022480293663060286,3,1294,-0.022480293663060286
2026-06-05 22:00:00,Crocs Classic,0.14049999999999999,0.07781538461538462,3,65,0.07781538461538462
2026-06-05 22:00:00,Ninja Blender,-0.15138181818181817,-0.23406592271818782,11,9006,-0.23406592271818782
2026-06-05 22:00:00,Oura Ring,-0.15921499999999997,-0.2272491289198606,20,16933,-0.2272491289198606
2026-06-05 22:00:00,Stanley Tumbler,0.361312,0.39468002242952543,25,19617,0.39468002242952543
